"Negative net wealth (share of the population) by age, municipality"
"groups and time"

" "," ","2014","2015","2016","2017","2018","2019","2020","2021","2022"
"18 years and over"
" ","All Denmark",12.0,11.3,10.7,9.9,9.7,9.0,9.7,9.4,9.6
" ","Capital municipalities",10.5,9.9,9.4,8.9,8.9,8.4,9.3,9.3,9.4
" ","Metropolitan municipalities",13.7,13.0,12.5,11.6,11.5,10.9,11.2,10.9,11.0
" ","Provincial municipalities",12.1,11.3,10.7,9.8,9.6,8.9,9.6,9.4,9.6
" ","Commuter municipalities",11.9,10.9,10.2,9.2,8.8,8.0,8.8,8.4,8.6
" ","Rural municipalities",12.8,12.2,11.6,10.6,10.4,9.5,10.1,9.6,9.5
" ","Copenhagen",13.2,12.5,12.1,11.5,11.5,10.8,11.7,11.7,11.6
" ","Frederiksberg",9.9,9.2,8.8,8.5,8.4,7.7,7.9,7.7,8.1
" ","Dragør",6.6,6.1,5.6,5.1,5.3,4.6,5.2,5.1,5.4
" ","Tårnby",7.8,7.2,7.0,6.6,6.7,6.3,7.1,7.2,7.4
" ","Albertslund",11.5,10.9,10.3,9.6,9.5,9.2,11.2,10.9,11.1
" ","Ballerup",9.3,8.9,8.5,8.0,7.9,7.3,8.4,8.1,8.3
" ","Brøndby",10.0,9.9,9.5,9.1,9.0,8.4,10.7,10.4,11.2
" ","Gentofte",7.5,7.0,6.8,6.4,6.3,5.9,6.3,6.0,6.2
" ","Gladsaxe",8.9,8.3,8.0,7.5,7.6,7.3,8.6,8.2,8.4
" ","Glostrup",9.8,9.2,8.6,7.7,7.8,7.8,9.6,9.4,9.5
" ","Herlev",9.2,8.6,8.0,7.5,7.5,7.2,8.4,8.2,8.5
" ","Hvidovre",9.5,8.7,8.3,7.8,7.8,7.5,8.7,8.6,8.8
" ","Høje-Taastrup",10.6,9.6,9.1,8.4,8.4,8.0,9.9,10.2,11.0
" ","Ishøj",13.0,12.0,11.3,10.5,10.2,9.7,12.3,11.9,12.6
" ","Lyngby-Taarbæk",6.8,6.7,6.2,5.9,5.8,5.4,5.9,6.1,6.3
" ","Rødovre",9.4,8.9,8.5,8.1,8.1,7.8,9.5,9.4,9.6
" ","Vallensbæk",7.7,7.1,6.7,6.7,6.7,6.7,7.4,7.6,7.9
" ","Allerød",5.7,5.2,5.0,4.3,4.2,3.8,4.1,3.7,4.0
" ","Egedal",7.2,6.3,5.9,5.3,5.1,4.9,5.5,5.3,5.9
" ","Fredensborg",10.3,9.3,8.6,7.6,7.0,6.6,7.8,7.7,7.7
" ","Frederikssund",10.8,9.9,8.8,7.7,7.3,6.8,7.5,7.2,7.2
" ","Furesø",7.2,6.9,6.5,5.8,5.9,5.4,6.3,6.3,6.9
" ","Gribskov",12.6,11.3,10.0,9.1,8.3,7.3,8.2,7.8,7.9
" ","Halsnæs",14.4,12.9,11.4,9.6,8.8,8.0,8.9,8.3,8.3
" ","Helsingør",11.8,10.8,9.9,9.0,8.6,7.9,9.0,8.4,8.9
" ","Hillerød",9.7,8.5,8.3,7.2,7.0,6.5,7.5,7.8,8.0
" ","Hørsholm",7.5,7.0,6.6,6.2,6.0,5.8,5.9,5.6,5.8
" ","Rudersdal",7.1,6.3,6.2,5.8,5.6,5.3,5.9,5.5,5.8
" ","Bornholm",11.7,11.0,9.7,8.2,8.0,6.9,7.5,7.1,7.2
" ","Greve",9.1,8.3,7.6,6.8,6.8,6.3,7.3,7.1,7.7
" ","Køge",12.4,10.9,10.0,8.9,8.8,8.1,9.4,9.0,9.2
" ","Lejre",10.8,9.1,8.1,7.1,7.1,6.4,7.2,7.3,7.4
" ","Roskilde",9.9,9.1,8.6,7.8,7.5,7.1,7.9,7.7,7.8
" ","Solrød",9.3,8.1,7.5,6.8,6.4,5.9,6.9,6.7,6.8
" ","Faxe",15.1,13.5,12.3,10.7,10.0,9.1,10.1,9.8,10.0
" ","Guldborgsund",15.5,14.6,14.0,13.0,12.6,11.3,12.7,12.0,12.3
" ","Holbæk",13.1,12.4,11.7,10.4,10.1,9.1,10.2,9.8,10.1
" ","Kalundborg",14.0,13.2,12.4,11.0,10.7,9.7,11.2,10.5,10.7
" ","Lolland",15.5,15.0,14.2,13.5,13.0,11.8,13.6,13.2,13.3
" ","Næstved",14.1,13.1,12.3,11.1,10.9,10.0,11.0,10.5,10.7
" ","Odsherred",13.6,12.4,12.0,10.8,10.1,8.8,10.1,9.9,9.8
" ","Ringsted",12.7,11.7,10.9,9.7,9.4,8.6,9.5,9.1,9.6
" ","Slagelse",14.8,14.0,13.0,12.0,11.8,11.0,12.0,11.7,11.9
" ","Sorø",13.5,12.7,11.7,10.6,10.1,8.9,10.2,9.4,9.8
" ","Stevns",12.9,12.1,10.4,9.2,8.7,7.8,9.3,8.7,9.1
" ","Vordingborg",15.2,14.7,13.8,12.3,11.7,10.6,11.5,10.6,10.8
" ","Assens",12.8,12.5,11.6,10.7,10.5,9.5,10.3,9.9,9.5
" ","Faaborg-Midtfyn",11.8,10.9,10.7,10.4,9.8,9.2,9.8,9.2,9.2
" ","Kerteminde",11.0,10.1,9.6,8.7,8.9,8.3,8.9,8.8,9.2
" ","Langeland",11.7,10.8,10.7,9.7,9.3,8.6,9.6,9.2,9.1
" ","Middelfart",12.1,11.0,10.6,9.6,9.4,8.6,9.1,8.5,8.5
" ","Nordfyns",13.4,12.2,11.3,10.2,9.8,9.0,10.0,9.1,9.1
" ","Nyborg",12.7,11.8,11.1,9.9,9.8,9.0,9.8,9.5,9.8
" ","Odense",14.2,13.6,13.1,12.3,12.2,11.5,11.9,11.5,11.5
" ","Svendborg",13.1,12.5,11.7,10.5,10.3,9.5,9.7,9.4,9.6
" ","Ærø",11.1,10.4,10.1,9.2,8.4,7.2,7.5,7.3,7.1
" ","Billund",9.8,9.1,8.4,7.7,7.7,7.0,7.8,7.5,7.8
" ","Esbjerg",11.5,11.0,10.5,9.9,9.9,9.2,10.3,9.7,9.9
" ","Fanø",9.6,9.3,8.0,9.1,7.3,6.9,6.8,6.1,5.8
" ","Fredericia",14.0,13.2,12.5,12.0,11.7,10.8,11.3,10.9,11.1
" ","Haderslev",14.1,13.4,12.7,11.7,11.5,10.3,10.8,10.3,10.0
" ","Kolding",12.9,11.9,11.0,10.5,10.3,9.5,10.0,9.8,9.9
" ","Sønderborg",11.0,10.4,10.0,9.0,8.8,8.0,8.7,8.4,8.3
" ","Tønder",12.3,11.8,11.4,10.5,10.4,9.5,10.2,9.5,9.3
" ","Varde",11.4,10.7,10.1,9.2,9.1,8.4,8.7,8.6,8.4
" ","Vejen",12.9,11.6,11.3,10.2,9.4,8.6,9.1,8.6,8.8
" ","Vejle",12.0,11.2,10.5,9.7,9.4,8.8,9.4,9.3,9.5
" ","Aabenraa",12.5,11.7,10.9,10.3,9.9,9.3,9.6,9.0,8.8
" ","Favrskov",9.9,9.1,8.2,7.6,7.2,6.4,7.2,7.1,7.7
" ","Hedensted",11.1,10.3,9.6,8.6,8.5,7.6,8.3,7.8,7.9
" ","Horsens",12.4,11.5,10.8,9.9,9.6,9.2,9.9,9.8,10.2
" ","Norddjurs",13.8,13.2,12.2,11.3,11.2,10.2,10.8,10.0,9.8
" ","Odder",10.3,10.0,9.2,7.7,7.3,7.0,7.3,7.4,7.6
" ","Randers",14.5,13.4,12.8,11.9,11.5,10.5,11.3,10.9,11.1
" ","Samsø",9.8,8.9,8.7,7.8,7.5,6.3,7.3,7.2,7.2
" ","Silkeborg",10.8,10.1,9.4,8.6,8.4,7.8,8.3,8.3,8.8
" ","Skanderborg",8.7,7.7,7.6,7.0,6.8,6.2,6.6,6.4,6.6
" ","Syddjurs",11.3,10.6,10.2,9.2,8.8,8.2,8.7,8.1,8.1
" ","Aarhus",12.8,12.1,11.4,10.7,10.5,9.9,10.2,10.0,10.2
" ","Herning",10.3,9.9,9.7,8.9,8.7,8.0,8.5,8.3,8.5
" ","Holstebro",11.1,10.5,10.3,9.6,9.2,8.8,8.8,8.6,8.7
" ","Ikast-Brande",11.1,10.2,9.4,8.6,8.2,7.8,8.5,8.5,8.9
" ","Lemvig",10.1,9.1,9.5,8.6,8.2,7.3,7.6,7.2,7.2
" ","Ringkøbing-Skjern",10.2,9.3,9.3,8.3,8.4,7.5,7.9,7.5,7.4
" ","Skive",11.7,11.3,10.9,10.4,10.0,9.0,9.2,8.6,8.4
" ","Struer",12.2,12.0,11.5,10.6,10.4,9.5,9.6,9.1,8.6
" ","Viborg",11.7,11.1,10.6,9.6,9.3,8.7,9.1,8.7,8.9
" ","Brønderslev",13.3,12.9,12.5,12.0,11.8,11.1,11.5,10.9,11.0
" ","Frederikshavn",12.9,12.5,11.9,11.2,10.9,10.1,10.3,9.8,9.8
" ","Hjørring",14.0,13.8,13.3,12.1,11.9,11.3,11.6,10.7,10.5
" ","Jammerbugt",12.7,12.3,12.1,11.1,11.0,10.3,10.8,9.9,10.0
" ","Læsø",11.6,11.2,12.2,11.4,10.4,8.5,8.8,8.5,8.3
" ","Mariagerfjord",12.6,12.1,11.6,10.5,10.6,9.6,10.0,9.7,9.7
" ","Morsø",11.6,10.6,10.5,9.8,9.8,9.8,9.9,9.4,8.8
" ","Rebild",11.3,11.0,9.9,9.5,8.8,8.8,9.6,9.1,9.3
" ","Thisted",12.4,11.9,11.6,10.5,10.6,9.8,9.7,9.2,9.2
" ","Vesthimmerlands",12.5,12.2,11.2,10.2,10.2,9.4,10.1,10.0,9.4
" ","Aalborg",14.5,14.0,13.5,12.4,12.4,11.9,12.1,11.9,11.9
"18-29 years"
" ","All Denmark",22.8,21.6,21.0,20.0,19.7,18.9,18.3,17.0,16.0
" ","Capital municipalities",19.1,18.1,17.5,16.9,16.9,16.3,16.0,15.2,14.6
" ","Metropolitan municipalities",24.6,23.3,22.3,21.0,20.4,19.3,17.9,16.8,16.1
" ","Provincial municipalities",24.2,22.8,22.4,21.5,21.1,20.2,19.6,18.2,17.0
" ","Commuter municipalities",22.6,21.1,20.4,19.6,19.0,18.5,18.4,16.6,15.4
" ","Rural municipalities",26.6,25.4,25.0,23.7,23.3,22.4,21.9,20.2,18.0
" ","Copenhagen",20.5,19.3,18.7,18.1,17.9,17.0,16.4,15.8,15.0
" ","Frederiksberg",18.3,16.6,15.7,15.4,15.4,14.2,13.1,12.3,12.4
" ","Dragør",10.9,13.0,10.8,9.8,11.0,10.6,9.9,10.5,9.9
" ","Tårnby",17.0,16.7,16.3,15.2,15.5,16.0,16.0,15.7,14.8
" ","Albertslund",24.1,23.6,22.5,22.1,21.6,21.9,22.9,21.5,20.5
" ","Ballerup",21.0,19.7,19.2,18.9,18.7,18.2,18.1,16.7,15.8
" ","Brøndby",20.5,20.0,20.1,20.2,19.7,20.3,21.7,20.4,19.9
" ","Gentofte",12.9,12.3,12.1,11.2,11.6,11.1,11.5,11.1,10.2
" ","Gladsaxe",17.2,16.8,16.5,16.0,15.9,16.3,16.1,15.3,14.5
" ","Glostrup",21.4,19.8,18.6,17.0,18.1,17.6,18.0,16.9,16.4
" ","Herlev",18.8,18.6,18.3,17.9,18.9,18.1,17.9,16.2,16.1
" ","Hvidovre",19.5,18.0,17.6,17.4,17.4,18.2,18.4,17.3,16.2
" ","Høje-Taastrup",19.4,18.1,18.4,17.4,17.4,18.0,19.1,18.9,18.3
" ","Ishøj",21.5,20.1,20.2,19.9,20.3,20.0,23.0,22.1,22.3
" ","Lyngby-Taarbæk",13.6,13.3,12.8,12.0,12.0,11.5,10.7,10.0,9.1
" ","Rødovre",21.4,20.9,18.8,17.7,18.3,18.2,19.3,18.2,16.7
" ","Vallensbæk",15.2,13.9,13.5,13.4,14.4,15.2,14.9,15.6,14.8
" ","Allerød",11.4,10.8,11.0,10.9,10.6,10.2,9.5,7.7,7.9
" ","Egedal",14.1,12.4,13.1,12.0,11.5,12.3,11.3,9.6,10.3
" ","Fredensborg",17.8,16.8,16.2,14.7,14.5,14.8,15.9,15.4,14.0
" ","Frederikssund",20.2,19.6,18.1,16.5,16.0,16.3,15.5,14.1,13.0
" ","Furesø",15.0,15.6,15.2,13.8,13.9,13.7,14.1,13.0,12.7
" ","Gribskov",19.3,17.2,16.2,17.5,15.9,16.3,16.3,14.2,13.3
" ","Halsnæs",24.0,23.0,21.5,20.9,20.2,19.6,19.2,17.1,16.2
" ","Helsingør",21.8,21.0,20.2,20.0,19.8,18.7,19.0,17.4,16.2
" ","Hillerød",18.6,16.7,16.9,15.6,15.7,14.5,14.8,14.5,13.5
" ","Hørsholm",13.6,13.0,11.8,13.1,13.0,13.2,11.7,10.8,9.3
" ","Rudersdal",14.2,13.0,12.7,12.6,12.2,11.0,11.8,9.7,9.2
" ","Bornholm",25.6,23.5,21.2,19.8,19.4,17.8,17.4,15.6,14.0
" ","Greve",16.3,16.1,15.2,15.1,15.5,15.2,15.6,14.2,14.8
" ","Køge",23.1,21.0,20.2,18.8,18.2,17.5,18.2,16.6,15.5
" ","Lejre",17.6,15.3,13.2,13.0,14.0,13.9,13.3,12.0,12.4
" ","Roskilde",20.4,19.5,19.9,18.5,17.6,17.1,16.4,15.4,13.9
" ","Solrød",17.4,16.0,14.8,14.3,13.9,12.9,14.4,13.2,12.8
" ","Faxe",26.4,24.1,22.7,21.4,20.5,19.8,20.7,19.0,17.3
" ","Guldborgsund",32.0,30.5,31.1,30.6,29.9,28.8,29.1,26.4,23.2
" ","Holbæk",24.1,23.1,22.7,21.6,21.5,20.9,21.0,19.5,17.9
" ","Kalundborg",27.5,25.8,25.6,23.4,23.6,23.8,24.5,21.4,19.6
" ","Lolland",35.2,34.2,33.3,32.8,32.6,30.7,33.0,31.2,27.9
" ","Næstved",27.2,25.8,25.3,23.9,24.6,23.4,22.7,20.6,19.0
" ","Odsherred",23.5,23.1,23.3,22.1,20.8,19.9,21.7,20.9,19.1
" ","Ringsted",24.1,23.4,22.1,21.0,20.3,19.6,19.5,17.9,17.4
" ","Slagelse",29.0,27.6,26.8,26.0,25.7,24.9,24.6,22.6,21.3
" ","Sorø",24.3,23.0,23.0,22.0,21.7,20.4,21.6,18.3,18.2
" ","Stevns",24.1,21.9,19.9,18.8,18.8,19.4,18.2,15.8,15.9
" ","Vordingborg",28.9,28.4,27.3,26.3,26.0,25.0,24.6,21.7,20.4
" ","Assens",25.9,24.9,23.9,23.7,23.0,21.8,21.9,19.4,17.5
" ","Faaborg-Midtfyn",24.2,22.0,22.0,22.4,20.9,20.8,20.7,18.4,15.7
" ","Kerteminde",24.7,22.9,23.5,22.1,21.9,21.3,21.3,19.3,18.1
" ","Langeland",25.7,23.0,25.0,23.3,23.2,20.9,22.8,19.8,16.8
" ","Middelfart",24.7,21.9,22.5,19.9,20.4,19.8,20.2,17.4,15.8
" ","Nordfyns",24.3,22.0,22.2,21.5,20.5,20.6,19.9,17.7,16.8
" ","Nyborg",29.0,26.9,26.4,24.0,24.5,22.9,22.5,21.3,19.7
" ","Odense",26.2,25.3,24.2,23.1,22.6,21.4,20.2,18.7,17.7
" ","Svendborg",28.8,27.7,26.2,23.8,23.6,22.4,21.5,20.0,18.4
" ","Ærø",29.1,25.4,26.0,25.0,23.2,19.8,17.6,17.0,15.3
" ","Billund",20.1,18.0,16.6,15.7,15.5,15.8,15.4,15.0,13.5
" ","Esbjerg",23.8,23.1,22.7,21.8,22.4,21.2,21.5,19.4,18.6
" ","Fanø",20.0,16.5,18.1,15.9,17.2,18.7,12.7,12.2,10.0
" ","Fredericia",31.6,30.1,29.1,29.5,28.5,26.1,24.8,22.8,20.9
" ","Haderslev",28.2,27.3,26.6,26.2,25.7,24.0,22.4,20.4,17.8
" ","Kolding",24.3,22.2,21.0,21.2,21.3,20.5,19.6,18.4,17.1
" ","Sønderborg",24.1,23.0,23.0,21.2,20.3,19.1,19.1,18.6,16.7
" ","Tønder",25.5,23.9,23.4,23.1,21.8,21.1,20.6,19.0,16.4
" ","Varde",22.0,20.4,20.8,18.6,19.2,18.8,18.9,18.3,16.0
" ","Vejen",24.3,22.3,22.5,21.8,20.3,19.4,19.4,17.1,16.5
" ","Vejle",23.5,22.1,21.3,20.2,19.2,18.6,17.6,16.7,15.8
" ","Aabenraa",25.8,25.2,24.5,22.9,22.8,21.4,20.4,19.1,16.8
" ","Favrskov",18.6,17.6,16.5,16.4,15.8,15.6,15.7,14.6,13.2
" ","Hedensted",18.8,18.9,18.3,17.0,17.2,16.5,16.0,14.1,13.1
" ","Horsens",23.1,21.4,21.0,20.2,19.8,19.8,19.0,18.0,16.9
" ","Norddjurs",28.2,27.2,26.1,24.9,24.9,24.7,22.9,20.6,18.4
" ","Odder",21.9,21.1,19.1,17.2,15.8,15.2,13.3,12.6,11.2
" ","Randers",29.5,27.5,27.3,26.3,25.8,24.3,23.6,21.8,20.7
" ","Samsø",21.9,17.4,20.0,16.5,17.9,17.9,14.6,16.8,15.2
" ","Silkeborg",22.6,21.3,20.5,19.2,18.7,17.6,16.7,15.5,14.8
" ","Skanderborg",17.4,15.7,15.5,16.2,15.1,14.1,12.6,11.7,10.6
" ","Syddjurs",23.1,21.3,21.4,19.6,19.6,19.1,18.7,16.2,14.0
" ","Aarhus",22.2,20.6,19.5,18.4,17.9,16.7,15.3,14.4,14.1
" ","Herning",21.1,20.2,19.8,19.1,18.4,17.4,17.4,16.2,14.9
" ","Holstebro",22.8,21.5,21.4,20.6,19.6,19.3,17.7,17.5,15.9
" ","Ikast-Brande",22.7,20.2,19.1,18.5,17.8,16.9,16.6,16.3,15.3
" ","Lemvig",19.2,17.5,18.3,16.6,15.7,14.5,15.3,13.9,13.7
" ","Ringkøbing-Skjern",19.7,17.7,17.7,16.6,16.6,15.0,15.1,14.3,12.4
" ","Skive",27.0,26.1,26.3,24.7,23.3,21.1,20.5,18.2,15.9
" ","Struer",27.7,26.7,25.7,25.9,25.4,24.6,22.5,21.0,19.3
" ","Viborg",23.8,22.6,23.1,21.6,20.7,19.9,19.6,17.2,15.9
" ","Brønderslev",27.9,27.4,27.1,26.9,26.4,25.8,25.0,23.2,20.5
" ","Frederikshavn",29.4,28.3,27.7,27.0,26.5,25.2,23.7,21.8,19.6
" ","Hjørring",30.4,30.0,29.8,27.5,27.6,26.7,25.3,22.7,20.2
" ","Jammerbugt",26.9,25.3,25.6,24.9,23.9,24.0,23.9,21.4,19.3
" ","Læsø",32.4,27.9,26.1,21.2,19.8,19.5,13.7,13.6,12.7
" ","Mariagerfjord",26.1,25.2,24.0,22.7,22.7,21.6,21.5,21.0,19.0
" ","Morsø",25.6,23.6,23.9,23.5,22.3,23.6,21.4,17.8,15.4
" ","Rebild",23.2,22.8,21.6,20.4,19.6,20.0,20.4,17.5,16.1
" ","Thisted",24.0,23.3,23.0,21.9,21.6,20.7,19.3,17.7,16.1
" ","Vesthimmerlands",24.1,23.4,22.3,20.3,21.2,21.4,21.7,20.6,17.4
" ","Aalborg",27.8,26.5,25.7,23.8,23.0,22.4,20.5,19.7,18.4
"30-39 years"
" ","All Denmark",20.9,19.0,17.9,16.6,16.7,16.2,17.8,17.6,18.0
" ","Capital municipalities",16.1,14.7,14.3,13.7,14.0,13.5,14.8,15.0,15.4
" ","Metropolitan municipalities",20.8,19.3,18.4,17.4,17.7,17.5,18.7,18.7,19.1
" ","Provincial municipalities",22.1,19.7,18.3,16.8,16.9,16.6,18.5,18.5,19.3
" ","Commuter municipalities",23.7,20.9,19.3,17.2,16.6,15.9,18.0,17.5,18.1
" ","Rural municipalities",26.4,24.5,23.1,21.2,21.2,20.3,21.9,20.9,20.9
" ","Copenhagen",17.4,16.3,16.0,15.3,15.8,15.1,15.9,16.4,16.2
" ","Frederiksberg",13.9,13.0,13.0,12.7,12.8,11.9,12.0,12.4,13.1
" ","Dragør",14.5,10.7,10.0,10.1,9.9,9.1,10.8,10.0,11.8
" ","Tårnby",13.0,11.2,11.5,11.3,11.1,10.9,12.4,12.9,13.7
" ","Albertslund",18.7,16.8,16.1,15.0,15.1,15.2,19.3,18.6,18.5
" ","Ballerup",17.0,15.9,15.5,14.1,14.5,13.5,15.2,14.9,15.3
" ","Brøndby",16.5,15.7,15.2,14.4,15.3,14.6,18.8,17.8,18.5
" ","Gentofte",14.0,12.3,12.1,12.2,12.6,12.0,12.8,12.4,13.3
" ","Gladsaxe",14.6,12.9,12.3,12.0,12.5,12.7,14.8,14.0,14.2
" ","Glostrup",15.3,13.8,13.5,12.2,12.1,13.7,17.0,17.0,16.5
" ","Herlev",15.7,13.1,12.0,12.4,12.3,12.4,14.9,14.7,15.6
" ","Hvidovre",15.3,13.4,13.0,12.0,12.4,11.6,14.0,14.3,15.2
" ","Høje-Taastrup",18.1,14.9,13.3,12.3,12.8,12.3,15.5,16.3,18.3
" ","Ishøj",19.0,17.0,14.9,14.3,13.9,13.7,16.9,17.1,18.3
" ","Lyngby-Taarbæk",11.7,11.4,10.8,10.6,11.0,10.5,11.7,12.3,13.1
" ","Rødovre",15.3,13.2,13.2,13.1,13.1,13.7,16.2,16.1,16.5
" ","Vallensbæk",13.3,11.8,10.8,12.2,11.3,10.7,12.2,12.9,13.1
" ","Allerød",11.2,9.5,8.5,7.2,7.3,7.0,7.5,6.9,7.6
" ","Egedal",13.7,11.2,9.8,9.1,8.4,8.9,10.8,10.8,12.3
" ","Fredensborg",21.4,18.0,16.7,14.4,13.1,13.4,15.1,15.1,14.8
" ","Frederikssund",21.5,17.7,16.0,13.9,13.3,13.2,15.5,14.5,15.4
" ","Furesø",13.7,11.8,11.3,10.5,11.2,10.4,12.5,13.2,16.1
" ","Gribskov",25.3,21.9,17.9,15.9,15.4,13.2,15.7,15.7,16.2
" ","Halsnæs",28.5,23.2,20.3,15.3,13.5,13.7,16.8,16.1,16.3
" ","Helsingør",22.9,20.5,18.2,16.1,15.2,15.4,17.3,17.2,19.0
" ","Hillerød",18.9,14.7,14.2,12.0,12.1,11.7,13.4,14.6,15.3
" ","Hørsholm",14.6,13.0,12.8,12.0,12.0,13.1,12.9,11.9,12.7
" ","Rudersdal",13.6,11.4,11.6,11.0,10.5,10.4,12.2,11.4,12.2
" ","Bornholm",28.7,26.4,23.0,17.8,18.1,16.2,17.2,16.4,17.2
" ","Greve",17.0,13.2,12.7,10.5,10.4,10.3,12.8,13.0,14.3
" ","Køge",24.0,18.9,16.9,14.9,15.8,15.1,17.9,17.3,17.4
" ","Lejre",23.5,19.4,16.8,14.3,14.6,12.9,16.2,17.5,17.0
" ","Roskilde",17.7,14.9,13.4,12.5,12.6,13.2,15.6,15.9,16.2
" ","Solrød",18.3,13.9,12.9,11.1,10.9,10.8,13.1,12.1,12.2
" ","Faxe",32.1,27.0,23.5,20.1,19.3,17.2,19.4,18.3,18.9
" ","Guldborgsund",31.9,29.1,27.1,24.9,24.2,22.6,25.8,25.6,26.7
" ","Holbæk",25.5,23.0,21.0,18.7,18.3,17.0,19.1,18.7,19.9
" ","Kalundborg",28.6,26.5,23.5,20.5,20.4,19.3,22.4,21.5,21.7
" ","Lolland",33.0,31.0,28.4,28.1,26.4,26.2,30.1,28.9,29.1
" ","Næstved",27.3,23.8,22.2,18.9,18.9,18.3,20.8,20.5,21.1
" ","Odsherred",33.0,28.2,26.2,22.6,20.8,20.0,22.6,21.4,20.9
" ","Ringsted",21.9,18.8,17.6,15.3,15.0,14.7,17.0,16.3,17.8
" ","Slagelse",27.2,25.1,22.1,20.0,20.6,20.1,22.5,22.7,23.4
" ","Sorø",28.4,26.5,23.6,21.0,19.8,17.6,19.3,17.8,19.1
" ","Stevns",27.3,24.3,19.9,18.1,16.5,14.4,19.7,17.9,19.6
" ","Vordingborg",33.4,30.9,27.5,23.5,22.8,22.5,24.2,22.6,22.6
" ","Assens",26.8,26.2,24.4,21.5,21.5,20.4,22.9,22.3,20.4
" ","Faaborg-Midtfyn",24.4,22.2,22.1,20.9,19.7,19.5,21.2,20.6,20.7
" ","Kerteminde",22.9,19.0,18.4,16.1,17.6,17.6,19.3,20.2,21.8
" ","Langeland",29.1,25.8,24.9,22.1,22.4,22.4,24.4,23.5,22.9
" ","Middelfart",24.7,22.6,21.6,19.7,19.0,18.5,19.9,19.7,19.1
" ","Nordfyns",26.8,23.1,20.8,18.3,19.2,17.9,21.9,19.8,19.4
" ","Nyborg",25.0,23.1,21.1,20.2,20.7,20.2,21.6,20.8,21.2
" ","Odense",22.5,21.1,20.7,19.4,19.5,19.4,20.9,20.3,20.8
" ","Svendborg",27.1,25.5,24.3,22.0,21.7,21.7,21.6,20.8,21.6
" ","Ærø",32.8,28.0,26.6,26.0,23.4,23.0,23.7,21.4,20.3
" ","Billund",18.9,16.8,15.4,13.7,13.6,13.5,16.2,15.4,16.3
" ","Esbjerg",20.6,19.5,18.5,17.6,18.1,17.4,20.3,19.5,20.6
" ","Fanø",23.3,27.0,20.2,30.7,21.0,21.4,22.5,15.6,14.8
" ","Fredericia",25.2,22.3,21.3,21.0,21.4,21.6,22.7,22.6,23.0
" ","Haderslev",27.7,25.7,24.3,22.3,22.5,20.7,22.4,22.1,21.5
" ","Kolding",21.9,19.9,18.3,17.5,17.2,17.1,18.3,18.6,19.1
" ","Sønderborg",22.1,20.3,19.4,17.4,17.7,16.9,18.9,17.9,17.9
" ","Tønder",26.1,24.2,23.6,21.5,21.6,21.1,21.8,20.4,19.6
" ","Varde",24.0,21.4,20.2,18.5,18.7,17.6,18.4,18.1,18.1
" ","Vejen",24.9,21.8,21.0,19.2,17.8,16.8,18.6,18.2,19.0
" ","Vejle",21.5,19.0,17.6,16.4,16.4,16.0,18.1,18.2,18.6
" ","Aabenraa",25.3,22.8,21.3,20.2,19.5,19.9,20.4,18.5,18.4
" ","Favrskov",19.0,16.4,14.7,14.1,13.5,12.1,14.1,14.4,16.9
" ","Hedensted",23.6,20.6,19.1,16.9,16.6,15.7,17.6,16.7,17.5
" ","Horsens",20.9,18.7,17.0,15.7,16.0,15.9,17.6,17.9,19.4
" ","Norddjurs",29.8,26.9,24.5,23.0,23.8,22.3,23.5,22.5,21.9
" ","Odder",21.5,21.0,19.5,16.0,16.0,15.9,17.6,18.7,20.0
" ","Randers",26.6,23.9,22.9,21.5,20.7,20.6,22.2,22.1,22.6
" ","Samsø",21.5,19.2,16.4,15.1,15.5,12.2,16.5,13.8,14.1
" ","Silkeborg",19.8,17.9,16.8,15.4,15.3,15.1,16.8,17.1,18.1
" ","Skanderborg",16.9,13.7,14.6,12.5,12.6,11.5,12.8,12.8,13.6
" ","Syddjurs",24.9,22.3,21.7,19.7,19.2,19.0,20.5,19.7,19.0
" ","Aarhus",19.1,17.5,16.3,15.4,15.4,15.2,16.1,16.3,16.8
" ","Herning",17.9,17.3,16.1,15.0,15.2,14.6,16.0,16.7,17.0
" ","Holstebro",20.4,19.1,18.5,17.2,17.1,16.6,17.0,16.9,18.6
" ","Ikast-Brande",20.7,18.7,16.6,14.6,14.1,14.6,16.4,16.5,17.3
" ","Lemvig",22.9,19.3,19.9,19.7,19.2,16.9,18.1,16.6,16.4
" ","Ringkøbing-Skjern",21.4,19.3,19.4,16.6,17.7,16.4,17.8,16.6,16.6
" ","Skive",23.0,21.4,20.7,20.2,20.8,19.5,20.5,19.8,19.6
" ","Struer",28.3,27.9,27.4,23.8,23.5,20.6,21.7,20.3,18.7
" ","Viborg",21.6,19.2,18.1,16.2,16.4,16.3,17.7,17.9,18.9
" ","Brønderslev",26.6,25.7,24.7,23.4,23.7,23.9,24.8,23.0,23.4
" ","Frederikshavn",26.3,25.6,24.1,23.4,22.6,22.3,23.0,22.3,22.5
" ","Hjørring",27.8,26.6,25.7,24.0,23.7,24.1,26.3,24.1,23.6
" ","Jammerbugt",25.3,25.0,23.9,22.0,23.0,21.5,23.9,22.9,23.0
" ","Læsø",21.6,19.4,26.0,23.2,27.1,20.9,21.1,18.9,17.7
" ","Mariagerfjord",23.4,22.6,22.0,20.4,21.5,20.1,21.3,20.4,20.3
" ","Morsø",23.4,20.5,20.6,20.7,22.3,22.0,24.1,22.6,21.5
" ","Rebild",22.4,20.9,18.5,18.1,16.0,17.5,20.1,19.4,20.4
" ","Thisted",25.3,22.9,23.0,20.9,22.2,21.0,22.0,20.2,21.0
" ","Vesthimmerlands",23.8,23.5,21.0,19.4,19.3,17.0,20.4,21.1,19.9
" ","Aalborg",22.0,20.8,20.1,18.8,20.0,20.0,21.3,21.3,21.4
"40-49 years"
" ","All Denmark",11.0,10.2,9.3,8.3,8.1,7.1,8.8,9.0,9.8
" ","Capital municipalities",8.0,7.5,6.9,6.4,6.3,5.7,7.7,8.0,8.6
" ","Metropolitan municipalities",9.3,9.0,8.5,7.6,7.5,7.0,8.9,9.2,10.1
" ","Provincial municipalities",11.4,10.5,9.4,8.4,8.0,7.0,8.7,8.9,10.0
" ","Commuter municipalities",12.8,11.6,10.3,8.8,8.4,7.1,8.7,8.8,9.7
" ","Rural municipalities",14.0,13.4,12.4,11.0,10.8,9.1,10.9,10.7,11.6
" ","Copenhagen",8.7,8.3,7.8,7.3,7.2,6.7,8.9,9.4,9.9
" ","Frederiksberg",7.3,7.0,6.4,6.4,6.6,5.8,6.9,7.0,7.2
" ","Dragør",7.0,6.9,6.3,5.3,5.7,5.0,5.6,5.1,6.2
" ","Tårnby",7.3,6.2,5.8,5.3,5.8,5.0,6.5,6.7,7.2
" ","Albertslund",8.8,8.3,7.3,7.0,6.5,5.3,9.0,9.4,11.1
" ","Ballerup",7.2,7.1,6.6,6.2,6.1,5.0,7.3,7.8,8.7
" ","Brøndby",8.9,9.0,8.0,7.5,7.5,6.6,10.7,10.7,11.7
" ","Gentofte",8.2,7.4,7.0,6.8,6.6,6.0,6.5,6.3,7.0
" ","Gladsaxe",7.5,6.5,5.6,5.2,5.2,5.0,7.2,6.8,7.6
" ","Glostrup",7.4,7.5,6.5,5.7,5.8,5.4,9.1,9.0,9.6
" ","Herlev",7.5,7.4,6.2,4.9,4.9,4.3,7.3,8.3,8.5
" ","Hvidovre",7.0,6.3,5.7,5.2,5.3,4.9,7.2,7.5,8.5
" ","Høje-Taastrup",9.4,8.6,7.6,6.9,6.9,5.9,9.0,9.6,10.7
" ","Ishøj",12.2,11.2,9.9,9.0,8.5,8.0,11.9,11.0,12.4
" ","Lyngby-Taarbæk",6.1,5.8,5.1,5.0,4.5,4.0,5.1,5.6,6.3
" ","Rødovre",7.1,6.6,6.4,6.1,6.1,5.2,8.6,9.3,9.8
" ","Vallensbæk",6.6,6.3,5.9,5.0,4.9,5.2,6.8,6.5,8.2
" ","Allerød",5.6,5.2,5.0,3.4,3.2,3.0,3.6,3.6,4.0
" ","Egedal",6.3,5.5,4.7,3.8,3.7,3.3,4.3,4.6,5.5
" ","Fredensborg",12.0,10.3,9.1,7.7,6.9,6.0,8.5,8.3,8.5
" ","Frederikssund",11.2,10.1,8.2,7.2,7.2,5.9,7.4,7.8,7.9
" ","Furesø",7.4,6.7,5.8,4.8,5.2,4.4,5.6,6.0,6.6
" ","Gribskov",16.0,14.0,11.7,10.2,8.8,7.3,8.7,8.8,9.7
" ","Halsnæs",18.4,16.7,13.6,10.3,9.4,7.3,9.6,9.1,9.2
" ","Helsingør",13.1,11.4,9.6,8.8,8.3,7.3,9.1,8.7,10.0
" ","Hillerød",9.0,7.9,7.3,6.0,5.6,5.1,7.0,7.6,8.8
" ","Hørsholm",8.9,8.0,7.5,6.4,6.5,5.4,6.7,6.4,6.8
" ","Rudersdal",7.1,6.3,6.2,5.6,5.7,5.1,5.9,5.5,6.6
" ","Bornholm",14.3,13.8,11.7,9.8,9.4,7.5,8.6,8.4,8.7
" ","Greve",8.8,8.0,6.3,5.7,5.5,4.7,6.6,6.5,7.6
" ","Køge",12.3,10.6,9.3,8.2,7.8,6.9,8.8,9.1,9.9
" ","Lejre",12.4,9.9,9.1,7.5,7.4,6.5,8.0,8.7,8.9
" ","Roskilde",8.6,7.9,6.7,5.7,5.3,4.9,6.8,6.9,7.5
" ","Solrød",9.5,8.0,7.0,6.2,5.2,4.5,6.3,6.1,6.9
" ","Faxe",17.6,14.8,12.9,10.1,9.9,8.6,10.8,11.5,12.7
" ","Guldborgsund",18.4,17.4,15.5,13.7,13.2,10.4,13.5,12.9,14.5
" ","Holbæk",14.2,13.6,12.0,9.7,9.5,7.8,9.9,10.2,11.2
" ","Kalundborg",15.8,14.9,13.5,11.4,10.9,8.7,12.2,11.6,13.2
" ","Lolland",18.7,17.8,16.4,15.3,14.6,12.8,17.6,17.7,18.5
" ","Næstved",14.0,13.3,11.7,9.8,9.4,7.7,10.2,10.4,11.7
" ","Odsherred",18.2,16.7,16.0,14.1,13.4,9.6,13.0,13.3,13.9
" ","Ringsted",12.5,11.5,10.4,8.4,7.9,6.8,8.2,8.7,9.8
" ","Slagelse",15.3,14.0,12.2,10.8,10.3,9.0,11.6,11.9,13.2
" ","Sorø",15.6,14.2,12.0,10.4,9.9,8.8,11.1,11.2,11.7
" ","Stevns",13.7,13.2,11.4,9.8,9.1,7.1,10.2,10.6,10.8
" ","Vordingborg",18.7,18.1,16.4,14.0,13.2,10.9,12.8,12.3,13.9
" ","Assens",13.9,13.9,12.4,10.8,10.7,8.8,10.5,10.6,11.5
" ","Faaborg-Midtfyn",12.7,11.2,10.8,10.2,9.3,8.0,9.5,9.7,10.8
" ","Kerteminde",11.1,10.1,8.7,8.4,8.5,7.8,8.9,9.8,11.0
" ","Langeland",15.2,13.8,14.3,12.7,12.3,10.5,12.0,13.9,15.1
" ","Middelfart",12.5,11.0,10.2,9.0,8.8,7.8,8.9,8.4,9.7
" ","Nordfyns",15.3,13.5,11.8,10.4,9.0,7.8,10.3,9.3,10.7
" ","Nyborg",12.1,11.3,10.1,8.8,8.6,7.8,10.5,9.9,11.2
" ","Odense",10.1,9.7,8.8,7.9,7.8,7.1,9.2,9.3,10.3
" ","Svendborg",12.8,11.8,11.2,9.6,9.4,8.0,9.3,9.8,10.9
" ","Ærø",13.5,14.3,13.1,13.2,12.7,9.9,8.4,9.1,10.3
" ","Billund",9.9,10.0,9.0,8.2,8.5,6.7,8.2,8.1,9.2
" ","Esbjerg",10.2,9.7,9.2,8.6,8.1,7.3,9.3,9.5,10.0
" ","Fanø",14.1,12.6,10.9,13.4,9.3,8.1,10.4,9.9,10.0
" ","Fredericia",12.1,11.3,10.7,9.7,9.1,8.2,10.3,10.8,12.1
" ","Haderslev",14.1,13.3,12.1,11.2,10.9,9.1,11.3,11.5,11.9
" ","Kolding",11.6,10.8,9.4,8.9,8.3,7.2,8.7,9.2,9.9
" ","Sønderborg",10.7,10.1,9.4,7.8,8.0,6.8,8.2,8.5,9.2
" ","Tønder",13.8,13.8,13.7,11.6,12.3,10.0,13.0,12.4,12.6
" ","Varde",12.7,11.9,10.7,9.9,9.2,8.4,9.6,9.6,10.7
" ","Vejen",14.1,12.4,11.5,10.1,9.5,7.9,8.2,8.7,9.2
" ","Vejle",11.7,10.7,9.7,8.9,8.7,7.4,8.9,9.0,10.1
" ","Aabenraa",13.2,12.3,10.5,9.8,9.5,8.6,10.1,9.8,10.7
" ","Favrskov",10.1,8.8,7.6,6.7,6.3,4.9,6.0,6.2,7.7
" ","Hedensted",11.6,10.5,9.8,8.5,7.9,6.7,7.9,8.0,8.5
" ","Horsens",10.6,9.7,8.4,7.5,7.0,6.1,8.3,8.6,9.6
" ","Norddjurs",14.7,14.3,13.0,11.3,11.1,9.1,12.1,11.4,12.2
" ","Odder",10.3,9.9,9.2,7.5,6.9,6.8,7.9,8.3,9.0
" ","Randers",13.3,12.2,11.1,9.9,9.3,7.9,9.7,9.9,11.2
" ","Samsø",15.9,14.5,15.0,11.2,10.6,9.4,9.3,9.1,11.4
" ","Silkeborg",10.2,9.0,8.2,7.2,7.3,6.3,7.5,7.9,9.1
" ","Skanderborg",8.1,7.3,6.7,5.9,5.8,5.0,6.0,5.9,6.6
" ","Syddjurs",12.4,11.8,10.8,10.1,9.4,8.4,9.4,9.1,10.5
" ","Aarhus",8.2,7.9,7.7,6.8,6.7,6.3,8.4,8.5,9.4
" ","Herning",8.8,8.3,8.1,7.2,7.0,6.3,7.4,7.5,8.8
" ","Holstebro",9.8,9.8,9.3,8.5,8.3,7.4,8.3,8.2,9.4
" ","Ikast-Brande",11.4,10.9,9.3,8.5,7.4,6.9,8.5,8.8,9.5
" ","Lemvig",12.4,11.7,12.2,11.3,11.6,9.6,10.3,9.8,9.6
" ","Ringkøbing-Skjern",11.2,10.5,10.5,9.3,9.3,8.1,8.7,8.5,9.0
" ","Skive",11.6,11.5,9.9,9.9,9.0,7.8,8.5,8.3,9.2
" ","Struer",12.9,13.2,12.2,10.5,10.1,9.6,10.9,11.1,11.2
" ","Viborg",11.4,10.9,9.8,8.8,8.3,7.3,8.3,8.1,9.1
" ","Brønderslev",13.3,12.9,11.9,12.2,11.8,9.6,11.4,11.6,12.6
" ","Frederikshavn",13.3,12.9,11.8,10.9,10.8,9.8,11.5,11.0,12.0
" ","Hjørring",14.2,14.3,13.3,11.7,11.3,10.0,11.2,11.3,12.0
" ","Jammerbugt",14.1,12.6,12.8,11.7,11.2,10.1,10.9,10.1,11.2
" ","Læsø",15.4,14.7,19.1,18.3,16.4,12.2,14.6,13.6,16.6
" ","Mariagerfjord",13.5,13.1,12.4,10.6,10.7,8.6,10.1,10.0,10.8
" ","Morsø",13.6,12.6,12.0,10.0,10.7,10.2,11.0,11.2,10.7
" ","Rebild",11.5,10.4,9.3,8.5,8.3,7.5,8.1,9.0,9.4
" ","Thisted",14.5,13.5,12.9,11.1,11.5,10.1,10.5,10.7,11.1
" ","Vesthimmerlands",14.0,13.6,11.9,11.0,10.7,9.5,10.7,10.5,10.6
" ","Aalborg",10.1,9.8,9.4,8.3,8.5,8.0,9.4,10.0,11.1
"50-59 years"
" ","All Denmark",6.5,6.4,6.0,5.3,5.1,4.2,5.5,5.5,6.1
" ","Capital municipalities",5.0,5.0,4.6,4.1,4.0,3.4,5.2,5.3,5.9
" ","Metropolitan municipalities",5.7,5.7,5.3,4.7,4.5,3.9,5.3,5.4,6.3
" ","Provincial municipalities",6.6,6.5,6.0,5.3,5.0,4.1,5.3,5.3,5.9
" ","Commuter municipalities",7.2,7.1,6.5,5.7,5.3,4.3,5.4,5.3,5.8
" ","Rural municipalities",7.8,7.7,7.3,6.6,6.3,5.3,6.3,6.1,6.7
" ","Copenhagen",5.4,5.6,5.3,4.8,4.6,3.8,6.7,6.9,7.6
" ","Frederiksberg",4.1,4.3,4.2,3.7,3.9,3.4,5.0,4.8,5.4
" ","Dragør",4.9,4.7,4.1,3.8,4.2,3.2,3.9,3.8,3.7
" ","Tårnby",4.3,3.9,3.6,3.3,3.5,2.8,4.2,4.3,4.6
" ","Albertslund",5.2,5.1,4.5,3.9,3.6,3.2,5.5,5.4,6.9
" ","Ballerup",4.8,4.9,4.4,4.0,3.8,2.9,4.3,4.4,4.7
" ","Brøndby",5.4,5.7,5.2,4.4,4.5,3.4,5.7,6.3,7.6
" ","Gentofte",5.3,5.3,4.8,4.4,4.2,3.8,4.3,3.8,4.4
" ","Gladsaxe",4.7,4.4,3.9,3.3,3.3,2.6,4.9,4.9,5.2
" ","Glostrup",5.2,4.6,4.0,3.8,4.0,3.5,5.3,5.4,6.3
" ","Herlev",5.2,5.0,4.5,4.0,3.3,3.0,4.1,4.0,4.6
" ","Hvidovre",4.8,4.3,3.9,3.7,3.5,2.7,4.4,4.7,5.3
" ","Høje-Taastrup",5.3,5.1,4.8,4.6,4.3,3.6,5.6,5.9,6.8
" ","Ishøj",8.0,7.5,6.7,5.7,5.2,4.3,7.4,7.4,8.0
" ","Lyngby-Taarbæk",3.9,4.0,3.4,3.1,3.1,3.0,3.6,3.9,4.5
" ","Rødovre",4.6,4.7,4.2,3.8,3.6,3.0,5.2,5.3,6.0
" ","Vallensbæk",4.7,4.2,3.7,3.1,3.0,2.7,4.0,3.8,4.0
" ","Allerød",3.4,3.1,2.8,2.3,2.0,1.5,2.3,2.2,2.2
" ","Egedal",4.4,3.9,3.3,3.1,2.9,2.3,2.9,2.8,3.3
" ","Fredensborg",7.4,7.1,6.6,5.7,5.3,4.2,5.3,5.4,6.1
" ","Frederikssund",6.8,6.4,5.5,4.7,4.3,3.4,4.6,4.4,4.7
" ","Furesø",4.2,4.4,3.6,3.6,3.6,3.2,4.2,4.2,4.3
" ","Gribskov",9.8,9.1,8.1,7.2,6.7,5.4,6.7,6.0,6.6
" ","Halsnæs",9.8,9.1,7.7,6.7,5.9,4.7,6.4,6.5,6.7
" ","Helsingør",8.3,7.7,6.9,6.5,5.8,4.8,6.5,6.1,6.6
" ","Hillerød",5.5,5.0,4.6,4.0,3.7,3.2,4.7,4.4,4.8
" ","Hørsholm",6.5,6.2,5.9,5.3,5.0,4.4,4.9,4.7,5.4
" ","Rudersdal",4.8,4.6,4.3,4.1,3.7,3.5,4.0,4.0,4.4
" ","Bornholm",7.7,7.6,6.6,5.4,5.1,3.9,5.0,5.0,5.7
" ","Greve",5.7,5.2,4.7,3.8,3.7,2.8,4.0,3.9,4.6
" ","Køge",7.0,6.8,5.8,4.9,4.9,4.1,5.6,5.4,5.8
" ","Lejre",5.8,5.3,4.9,4.1,3.8,2.8,4.0,3.9,4.4
" ","Roskilde",5.2,4.8,4.5,4.0,3.8,3.0,4.1,4.1,5.0
" ","Solrød",4.4,4.2,4.2,3.8,3.5,3.1,3.6,3.9,4.0
" ","Faxe",8.8,8.5,8.5,6.9,6.0,5.3,6.3,6.3,7.2
" ","Guldborgsund",9.3,9.0,8.7,8.3,7.8,6.3,8.5,8.6,9.6
" ","Holbæk",7.9,8.0,7.6,6.5,6.4,4.9,6.2,6.0,6.8
" ","Kalundborg",8.7,8.6,8.1,7.4,7.2,5.5,7.6,7.4,8.3
" ","Lolland",10.7,10.8,10.2,9.5,9.4,7.4,9.6,9.5,11.1
" ","Næstved",8.3,8.2,7.3,6.7,6.4,5.2,6.9,6.8,7.6
" ","Odsherred",10.0,8.8,9.0,8.1,7.5,5.8,7.6,7.7,8.5
" ","Ringsted",7.3,6.9,6.1,5.6,5.2,4.2,5.6,5.2,6.1
" ","Slagelse",8.9,8.5,8.0,7.1,6.6,5.4,7.3,7.3,7.9
" ","Sorø",8.2,8.4,7.6,6.6,6.2,4.9,6.5,6.1,6.8
" ","Stevns",8.1,7.8,6.6,6.0,5.2,4.3,5.9,5.8,7.0
" ","Vordingborg",10.4,10.8,10.3,9.0,8.2,7.0,8.9,8.1,8.9
" ","Assens",7.5,7.8,7.2,6.6,6.3,5.3,6.4,6.2,6.1
" ","Faaborg-Midtfyn",7.0,7.0,6.6,6.1,5.8,5.1,6.2,5.9,6.4
" ","Kerteminde",6.5,6.6,5.9,5.0,5.0,4.0,5.0,4.8,5.5
" ","Langeland",9.1,9.1,7.4,6.8,6.4,5.6,7.5,7.3,8.3
" ","Middelfart",7.6,7.5,7.1,6.5,5.9,4.3,5.0,5.2,5.5
" ","Nordfyns",8.3,8.4,7.4,6.7,6.5,4.8,6.0,5.5,5.8
" ","Nyborg",7.7,7.3,7.2,6.2,5.7,4.6,5.7,5.7,7.2
" ","Odense",6.2,6.1,5.7,5.0,4.8,4.1,5.5,5.5,6.2
" ","Svendborg",6.8,6.8,6.2,5.7,5.0,4.1,4.9,4.7,5.7
" ","Ærø",7.8,7.1,7.0,5.4,4.8,3.9,5.8,6.1,6.3
" ","Billund",5.2,5.5,5.1,4.5,4.5,3.4,4.6,4.4,5.0
" ","Esbjerg",5.4,5.5,5.1,4.7,4.7,3.9,5.1,5.1,5.8
" ","Fanø",8.5,8.2,6.5,6.1,5.8,4.3,5.3,4.4,5.9
" ","Fredericia",6.9,6.6,5.9,5.5,5.3,4.3,5.8,5.5,6.5
" ","Haderslev",7.7,8.0,7.4,6.4,6.3,5.2,6.2,5.9,6.4
" ","Kolding",7.0,6.8,6.2,5.6,5.2,4.2,4.9,4.8,5.4
" ","Sønderborg",5.8,5.7,5.2,4.8,4.6,3.7,4.9,4.9,5.1
" ","Tønder",7.9,7.9,7.2,6.4,6.5,5.4,6.7,6.3,7.2
" ","Varde",7.0,7.1,6.3,5.7,5.5,4.7,4.7,4.7,5.0
" ","Vejen",7.7,7.1,7.0,6.0,4.9,4.0,4.7,5.0,5.5
" ","Vejle",6.3,6.3,6.0,5.3,5.2,4.3,5.2,5.0,5.5
" ","Aabenraa",7.3,7.0,6.4,6.2,5.6,5.1,5.8,5.8,5.8
" ","Favrskov",5.5,5.7,5.1,4.4,3.9,3.2,4.2,4.3,4.8
" ","Hedensted",6.5,6.4,6.0,5.1,5.1,4.1,5.0,4.8,5.1
" ","Horsens",6.5,6.5,6.0,5.4,4.7,4.0,5.2,5.2,5.7
" ","Norddjurs",8.0,7.9,7.0,6.6,6.4,5.2,6.2,5.7,6.2
" ","Odder",5.6,5.6,5.0,4.1,4.0,3.5,4.3,4.5,5.3
" ","Randers",7.3,7.4,6.6,5.8,5.5,4.5,5.8,5.8,6.5
" ","Samsø",8.2,8.3,7.1,8.3,7.1,5.7,7.6,8.0,8.5
" ","Silkeborg",5.7,5.8,5.1,4.4,4.4,3.7,4.6,4.7,5.4
" ","Skanderborg",4.8,4.3,3.9,3.6,3.4,3.1,3.6,3.7,3.9
" ","Syddjurs",6.8,6.8,6.4,5.7,5.1,4.3,5.1,5.0,5.6
" ","Aarhus",4.9,4.9,4.5,4.0,3.8,3.3,5.0,5.2,6.1
" ","Herning",5.6,5.6,5.6,4.9,4.6,3.6,4.5,4.6,4.9
" ","Holstebro",5.6,5.8,5.8,5.2,4.7,4.1,4.9,4.7,4.7
" ","Ikast-Brande",5.9,5.6,5.3,4.8,4.8,4.3,5.0,5.2,6.0
" ","Lemvig",7.3,6.9,7.2,5.9,5.4,4.7,5.2,5.2,5.0
" ","Ringkøbing-Skjern",6.0,5.7,5.8,5.0,5.1,4.5,5.2,4.9,5.5
" ","Skive",6.1,6.1,5.8,5.4,5.3,4.6,5.0,4.8,5.4
" ","Struer",6.6,6.2,6.6,6.5,6.0,5.2,5.8,5.7,5.6
" ","Viborg",6.3,6.5,6.2,5.3,5.3,4.1,4.9,4.9,5.5
" ","Brønderslev",8.1,8.1,7.6,7.0,6.9,5.9,6.7,6.0,7.1
" ","Frederikshavn",7.6,7.6,7.3,6.6,6.6,5.3,5.7,5.9,6.7
" ","Hjørring",7.9,8.0,7.7,7.3,7.0,6.1,6.6,6.4,6.6
" ","Jammerbugt",8.0,8.2,7.9,6.4,6.6,5.8,6.5,6.0,6.6
" ","Læsø",10.7,10.2,11.7,12.5,11.5,8.3,7.8,9.6,9.2
" ","Mariagerfjord",8.0,7.7,7.4,6.7,6.4,5.4,6.2,6.2,6.9
" ","Morsø",7.8,7.3,7.7,6.1,6.4,5.8,6.1,6.5,6.7
" ","Rebild",6.8,7.4,6.4,6.3,5.5,4.6,5.4,5.1,5.8
" ","Thisted",7.6,8.0,7.9,7.3,7.2,6.2,6.3,5.8,6.4
" ","Vesthimmerlands",8.1,8.2,7.7,6.9,6.7,6.3,6.5,6.4,7.2
" ","Aalborg",6.5,6.4,6.1,5.4,5.2,4.4,5.7,5.6,6.5
"60-69 years"
" ","All Denmark",4.6,4.4,4.1,3.7,3.5,3.0,3.6,3.5,3.7
" ","Capital municipalities",3.5,3.4,3.2,2.9,2.7,2.4,3.3,3.3,3.6
" ","Metropolitan municipalities",4.1,4.0,3.8,3.2,3.2,2.8,3.4,3.4,3.6
" ","Provincial municipalities",4.5,4.4,4.1,3.6,3.4,2.9,3.4,3.3,3.6
" ","Commuter municipalities",5.1,4.8,4.5,4.0,3.7,3.2,3.6,3.4,3.5
" ","Rural municipalities",5.3,5.1,4.9,4.4,4.2,3.7,4.1,3.8,4.0
" ","Copenhagen",3.9,3.7,3.5,3.1,3.0,2.7,4.2,4.3,4.7
" ","Frederiksberg",3.1,2.9,2.8,2.4,2.0,2.0,2.6,2.6,2.8
" ","Dragør",3.6,3.0,2.9,2.3,2.4,1.7,2.7,2.4,2.8
" ","Tårnby",2.7,2.7,2.7,2.5,2.3,1.9,2.5,2.5,2.9
" ","Albertslund",2.8,3.0,3.0,2.7,2.9,2.3,4.0,4.0,4.1
" ","Ballerup",3.7,3.7,3.4,2.9,2.9,2.7,3.3,3.0,3.3
" ","Brøndby",4.1,4.6,4.0,3.8,3.1,2.5,3.5,3.4,4.1
" ","Gentofte",3.2,3.3,3.0,2.9,3.0,2.9,3.1,2.9,3.2
" ","Gladsaxe",3.2,2.8,2.9,2.4,2.4,2.3,3.1,3.1,3.5
" ","Glostrup",3.2,3.4,3.5,2.8,2.4,2.6,3.1,3.2,3.5
" ","Herlev",3.3,3.1,2.8,2.5,2.6,2.3,3.1,3.2,3.3
" ","Hvidovre",3.4,3.3,3.0,2.7,2.6,2.4,3.2,3.1,3.2
" ","Høje-Taastrup",3.9,3.7,3.5,2.8,3.0,2.5,3.5,3.5,3.8
" ","Ishøj",5.8,5.2,4.8,4.4,4.1,3.8,4.7,4.7,4.7
" ","Lyngby-Taarbæk",2.2,2.6,2.6,2.5,2.1,1.7,2.5,2.4,2.8
" ","Rødovre",3.5,2.9,2.9,3.0,2.7,2.1,3.1,3.1,3.9
" ","Vallensbæk",2.7,2.9,3.0,2.9,2.9,2.6,2.8,2.8,2.4
" ","Allerød",2.7,2.4,2.0,1.8,1.5,1.1,1.5,1.4,1.6
" ","Egedal",3.6,3.7,3.3,2.9,2.8,2.1,2.2,2.0,2.3
" ","Fredensborg",4.0,4.2,3.7,3.6,3.1,2.9,3.5,3.6,3.8
" ","Frederikssund",5.3,4.7,4.2,3.5,3.0,2.8,3.4,3.5,3.3
" ","Furesø",2.9,3.1,2.9,2.4,2.2,1.8,2.8,2.9,3.1
" ","Gribskov",6.9,6.5,6.2,5.1,4.4,3.4,4.2,4.4,4.5
" ","Halsnæs",7.3,6.5,6.0,5.1,4.6,3.7,4.2,3.8,3.8
" ","Helsingør",5.5,5.0,4.8,4.1,3.7,3.3,4.3,4.1,4.2
" ","Hillerød",3.9,3.8,3.4,2.6,2.7,2.0,2.8,2.9,3.2
" ","Hørsholm",3.7,3.5,3.5,3.4,3.3,3.0,3.3,2.9,3.5
" ","Rudersdal",3.9,3.5,3.2,2.7,2.4,2.2,2.6,2.7,3.0
" ","Bornholm",5.4,5.0,4.6,3.5,3.2,2.8,3.4,3.4,3.5
" ","Greve",4.3,4.2,3.9,3.4,3.3,2.7,3.4,3.3,3.4
" ","Køge",4.5,4.3,4.3,3.9,3.7,3.0,3.8,3.6,4.1
" ","Lejre",4.6,3.7,3.8,3.0,2.9,2.6,2.9,2.7,2.6
" ","Roskilde",3.7,3.4,3.1,2.8,2.4,2.2,2.6,2.5,2.7
" ","Solrød",4.3,3.7,3.4,2.7,2.4,2.1,2.4,2.5,2.4
" ","Faxe",7.1,6.2,5.7,4.8,4.1,3.7,4.6,4.3,4.4
" ","Guldborgsund",6.8,6.4,5.8,4.9,4.9,4.4,5.2,4.9,5.3
" ","Holbæk",5.4,5.0,4.6,4.1,3.8,3.3,4.0,3.9,4.0
" ","Kalundborg",5.8,5.7,5.5,4.8,4.7,4.1,4.6,4.6,4.8
" ","Lolland",6.8,6.6,6.6,6.2,5.5,4.8,5.9,5.6,6.3
" ","Næstved",5.0,4.9,4.7,4.6,4.1,3.5,4.4,4.3,4.4
" ","Odsherred",6.3,6.2,5.9,5.2,5.0,4.2,4.9,4.5,4.7
" ","Ringsted",5.0,4.8,4.8,4.3,3.9,3.3,3.9,3.4,3.7
" ","Slagelse",5.5,5.6,5.1,4.4,4.4,3.9,4.5,4.3,4.8
" ","Sorø",5.3,4.9,4.7,4.3,4.1,3.4,4.4,4.0,4.3
" ","Stevns",6.5,6.2,5.2,4.1,4.6,3.7,4.6,4.0,3.9
" ","Vordingborg",6.8,6.6,6.4,5.9,5.5,4.4,5.1,5.0,5.2
" ","Assens",5.1,4.8,4.4,3.9,4.0,3.4,3.9,3.7,3.9
" ","Faaborg-Midtfyn",5.1,5.3,5.1,5.2,4.5,3.8,4.0,3.8,3.9
" ","Kerteminde",4.6,4.0,4.0,4.1,3.8,3.3,3.3,3.4,4.1
" ","Langeland",6.6,5.8,5.6,5.4,4.7,4.1,5.3,5.1,5.2
" ","Middelfart",5.4,5.1,4.8,4.6,4.4,3.6,3.8,3.2,3.4
" ","Nordfyns",6.3,6.2,5.8,4.9,4.9,4.2,4.3,4.0,4.0
" ","Nyborg",5.6,5.4,4.7,4.1,3.7,3.2,3.6,3.6,3.6
" ","Odense",4.7,4.6,4.2,3.7,3.5,3.0,3.6,3.6,3.8
" ","Svendborg",4.8,4.6,4.3,3.7,3.7,3.1,3.3,3.1,3.3
" ","Ærø",5.2,5.4,5.5,4.5,4.3,3.9,4.7,4.1,4.3
" ","Billund",3.9,3.2,3.1,3.0,3.0,2.6,2.8,2.5,2.6
" ","Esbjerg",4.1,3.9,3.6,3.2,3.0,2.5,3.1,3.0,3.1
" ","Fanø",4.3,4.6,4.9,5.5,4.9,4.0,3.2,3.9,2.7
" ","Fredericia",4.7,4.9,4.9,4.0,3.7,3.2,3.5,3.4,3.9
" ","Haderslev",5.9,5.6,5.1,4.4,4.4,3.5,4.2,3.8,4.3
" ","Kolding",5.2,5.0,4.7,4.0,3.7,3.1,3.6,3.5,3.8
" ","Sønderborg",4.3,4.3,4.1,3.6,3.4,2.9,3.3,3.1,3.3
" ","Tønder",5.0,4.9,4.7,4.3,4.3,3.6,4.1,4.0,4.2
" ","Varde",3.7,3.9,3.4,3.2,3.0,2.6,3.4,3.1,3.2
" ","Vejen",4.9,4.7,4.6,3.8,3.5,3.4,3.3,2.9,3.0
" ","Vejle",4.6,4.7,4.3,3.7,3.5,3.0,3.5,3.3,3.4
" ","Aabenraa",5.3,5.1,4.7,4.3,3.9,3.5,3.8,3.3,3.7
" ","Favrskov",3.7,3.6,3.5,2.8,2.7,2.4,2.7,2.2,2.3
" ","Hedensted",4.5,4.2,3.9,3.7,3.5,2.8,3.4,3.0,3.2
" ","Horsens",4.9,4.7,4.3,3.7,3.5,3.0,3.6,3.5,3.6
" ","Norddjurs",5.4,5.0,4.7,4.4,4.2,3.7,4.3,4.0,4.2
" ","Odder",3.8,3.6,3.8,2.7,2.9,2.6,2.8,2.6,2.5
" ","Randers",5.2,4.6,4.1,3.8,3.9,3.3,3.8,3.4,3.8
" ","Samsø",4.9,5.1,5.3,4.6,4.4,2.7,4.2,3.6,2.9
" ","Silkeborg",4.1,4.0,3.7,3.3,3.0,2.7,2.9,2.8,2.8
" ","Skanderborg",3.9,3.6,3.3,2.8,2.6,2.2,2.7,2.3,2.6
" ","Syddjurs",5.0,4.6,4.8,3.9,3.7,3.3,3.4,2.9,3.2
" ","Aarhus",3.5,3.3,3.2,2.7,2.6,2.3,3.1,3.1,3.3
" ","Herning",3.3,3.2,3.3,2.7,2.9,2.5,2.7,2.8,3.2
" ","Holstebro",4.1,3.8,3.6,3.1,3.1,2.8,2.8,2.4,2.4
" ","Ikast-Brande",3.7,3.8,3.7,3.2,3.2,2.6,3.0,3.0,3.4
" ","Lemvig",4.4,4.0,4.5,3.6,3.7,3.4,3.1,2.8,3.3
" ","Ringkøbing-Skjern",3.7,3.7,3.8,3.4,3.3,2.8,2.9,2.7,2.9
" ","Skive",4.4,4.1,3.8,4.0,3.6,3.2,3.4,3.2,3.1
" ","Struer",4.6,4.2,4.1,3.7,3.5,3.2,3.6,3.1,3.1
" ","Viborg",4.0,3.9,3.7,3.4,3.1,3.0,3.3,3.3,3.7
" ","Brønderslev",4.7,4.9,4.9,4.4,4.2,3.6,3.8,3.9,3.9
" ","Frederikshavn",5.7,5.5,5.1,4.6,4.3,3.7,4.1,3.8,4.0
" ","Hjørring",5.4,5.4,5.3,4.9,4.8,4.5,4.6,4.2,4.3
" ","Jammerbugt",5.5,5.3,5.1,4.3,4.7,4.2,4.3,3.9,3.8
" ","Læsø",7.6,8.7,9.0,10.0,6.7,6.5,7.1,4.6,3.6
" ","Mariagerfjord",5.3,5.0,5.4,4.3,4.4,4.2,4.5,4.0,4.5
" ","Morsø",4.5,4.0,4.0,3.8,3.6,3.8,4.2,4.0,3.8
" ","Rebild",4.0,4.1,3.4,3.5,3.1,2.9,3.4,3.1,3.2
" ","Thisted",4.8,4.6,4.4,3.8,3.7,3.5,3.7,3.4,3.5
" ","Vesthimmerlands",5.3,5.3,5.2,4.6,4.3,4.0,4.2,4.2,3.9
" ","Aalborg",4.5,4.4,4.1,3.6,3.7,3.3,3.7,3.6,3.9
"70-70 years"
" ","All Denmark",4.8,4.8,4.7,4.2,4.1,3.8,4.0,3.7,3.6
" ","Capital municipalities",4.0,3.9,3.8,3.2,3.1,2.9,3.1,3.1,3.1
" ","Metropolitan municipalities",4.4,4.5,4.4,3.9,3.9,3.7,3.8,3.7,3.5
" ","Provincial municipalities",4.8,4.8,4.7,4.2,4.1,3.8,4.0,3.7,3.6
" ","Commuter municipalities",5.6,5.6,5.4,4.9,4.7,4.4,4.5,4.1,3.9
" ","Rural municipalities",5.2,5.3,5.3,4.8,4.6,4.3,4.4,4.1,4.0
" ","Copenhagen",4.0,3.9,3.8,3.0,2.8,2.7,3.2,3.3,3.3
" ","Frederiksberg",3.3,3.2,3.2,2.4,2.2,2.1,2.4,2.4,2.3
" ","Dragør",4.4,3.9,4.1,3.7,3.3,3.1,3.4,3.7,2.9
" ","Tårnby",4.0,3.8,3.5,3.2,3.1,3.0,3.0,2.9,2.8
" ","Albertslund",3.8,3.7,3.3,2.8,2.8,2.6,2.7,2.9,3.0
" ","Ballerup",3.4,3.5,3.5,3.4,3.1,2.9,3.0,2.9,3.1
" ","Brøndby",4.1,3.9,3.6,3.5,3.5,3.1,3.8,3.6,3.3
" ","Gentofte",3.3,3.1,3.4,2.7,2.3,2.3,2.8,3.0,2.8
" ","Gladsaxe",4.1,4.3,3.9,3.0,3.1,2.5,3.0,3.0,3.1
" ","Glostrup",3.6,3.6,3.2,2.6,2.8,2.4,2.7,2.4,2.3
" ","Herlev",4.7,4.2,4.5,3.6,3.5,3.5,3.7,3.4,3.1
" ","Hvidovre",4.0,3.7,3.4,2.9,2.7,2.7,2.8,3.0,3.0
" ","Høje-Taastrup",4.2,4.1,4.1,3.6,3.6,3.7,4.0,3.8,3.6
" ","Ishøj",6.3,6.0,6.2,5.0,4.4,3.7,4.6,4.5,4.5
" ","Lyngby-Taarbæk",3.3,2.7,2.4,2.0,2.1,1.9,2.1,2.2,2.2
" ","Rødovre",3.8,3.9,3.9,3.3,2.9,2.6,2.9,3.1,3.0
" ","Vallensbæk",3.3,3.1,2.9,2.8,2.8,2.7,3.4,3.7,3.5
" ","Allerød",3.8,3.9,3.9,3.6,3.6,3.2,3.0,2.5,2.4
" ","Egedal",4.2,4.0,4.2,3.8,3.8,3.5,3.5,3.3,3.3
" ","Fredensborg",4.8,4.6,4.4,3.8,3.4,3.1,3.7,3.6,3.5
" ","Frederikssund",6.7,6.4,6.2,5.4,4.9,4.6,4.4,4.1,4.0
" ","Furesø",4.0,3.9,3.8,2.9,2.6,2.4,2.8,2.8,2.6
" ","Gribskov",7.3,7.2,6.6,5.9,5.7,5.1,5.4,4.9,4.3
" ","Halsnæs",7.1,6.8,6.7,5.6,5.5,5.2,5.3,5.0,5.2
" ","Helsingør",5.1,5.1,5.0,4.4,4.1,3.9,4.3,4.0,4.0
" ","Hillerød",4.2,4.4,4.6,4.0,3.8,3.4,3.5,3.3,3.3
" ","Hørsholm",4.2,4.1,3.6,3.0,3.1,3.1,2.9,2.9,2.8
" ","Rudersdal",3.7,3.4,3.8,3.5,3.3,3.3,3.1,3.0,3.1
" ","Bornholm",5.8,5.6,4.9,4.5,4.4,3.8,4.0,3.9,3.7
" ","Greve",6.3,6.2,5.8,4.8,5.0,4.6,4.5,4.3,4.3
" ","Køge",5.6,5.6,5.1,4.5,4.3,3.8,4.1,4.2,4.0
" ","Lejre",7.1,6.7,5.7,5.3,4.9,4.5,4.1,3.7,3.4
" ","Roskilde",3.5,3.5,3.7,3.4,3.6,3.1,3.2,3.0,2.7
" ","Solrød",5.5,5.6,5.3,5.0,5.0,4.4,4.0,3.8,4.2
" ","Faxe",7.1,7.0,7.0,6.7,5.8,4.9,4.8,4.6,4.5
" ","Guldborgsund",7.1,7.0,7.0,6.4,6.1,5.3,5.4,4.8,5.1
" ","Holbæk",6.0,5.9,5.7,5.2,4.9,4.4,4.5,4.2,4.2
" ","Kalundborg",6.1,6.5,6.4,5.3,4.8,4.5,4.8,4.3,4.5
" ","Lolland",7.5,7.6,7.4,6.8,6.3,5.8,5.6,5.2,4.8
" ","Næstved",6.0,5.9,5.7,5.1,5.0,4.6,4.5,4.3,4.1
" ","Odsherred",7.1,6.9,6.9,6.1,5.6,5.3,5.2,4.8,4.5
" ","Ringsted",5.1,4.3,4.6,3.9,4.1,4.0,4.4,4.2,3.8
" ","Slagelse",5.5,5.3,5.4,5.0,4.7,4.6,4.7,4.3,4.1
" ","Sorø",5.9,5.9,5.8,5.4,5.2,4.3,4.5,4.4,4.3
" ","Stevns",7.0,7.3,6.8,5.5,4.6,4.6,5.1,4.9,4.5
" ","Vordingborg",7.3,7.3,7.1,6.0,5.8,5.3,5.5,5.2,4.9
" ","Assens",6.3,6.6,6.2,5.7,5.3,5.0,4.9,4.9,4.5
" ","Faaborg-Midtfyn",5.7,5.8,5.8,5.7,5.8,5.5,5.3,4.5,4.4
" ","Kerteminde",5.2,5.4,5.1,4.3,4.5,4.6,4.5,4.0,3.7
" ","Langeland",5.7,5.7,6.3,5.4,4.6,4.4,4.3,3.7,3.9
" ","Middelfart",5.0,5.2,4.9,4.8,4.6,4.5,4.5,3.7,3.7
" ","Nordfyns",6.9,6.8,6.6,5.9,5.7,5.7,5.8,5.4,5.0
" ","Nyborg",5.0,4.7,4.8,4.2,4.0,3.6,4.1,4.1,4.1
" ","Odense",4.8,4.9,4.9,4.6,4.5,4.2,4.1,4.0,3.8
" ","Svendborg",4.6,4.7,4.7,4.2,4.3,4.2,4.1,3.9,3.8
" ","Ærø",4.6,4.7,4.7,4.4,4.1,3.3,3.6,3.6,3.9
" ","Billund",3.1,3.5,3.6,3.4,3.1,3.0,3.1,3.2,2.8
" ","Esbjerg",4.2,4.0,3.7,3.4,3.3,3.3,3.4,3.4,3.3
" ","Fanø",4.9,4.4,3.4,3.6,2.9,3.3,3.6,2.9,3.0
" ","Fredericia",5.4,5.5,5.0,4.7,4.6,4.3,4.2,4.0,3.8
" ","Haderslev",6.4,6.1,5.9,5.2,5.0,4.7,4.7,4.2,4.0
" ","Kolding",5.9,6.1,6.0,5.5,5.5,5.0,4.9,4.7,4.4
" ","Sønderborg",4.3,4.3,4.6,4.4,4.1,3.8,4.0,3.7,3.5
" ","Tønder",5.0,5.2,5.0,4.6,4.6,4.2,4.3,3.8,3.9
" ","Varde",3.3,3.4,3.6,3.4,3.4,3.2,3.5,3.4,3.0
" ","Vejen",4.6,4.5,4.5,3.9,4.1,3.9,4.1,3.5,3.3
" ","Vejle",4.8,4.6,4.5,4.2,3.9,3.8,3.9,3.8,3.6
" ","Aabenraa",4.8,4.8,4.9,4.7,4.6,4.3,4.4,4.1,3.7
" ","Favrskov",4.2,4.3,4.2,3.7,3.5,3.1,3.5,3.1,3.3
" ","Hedensted",5.0,4.7,4.9,4.3,4.7,4.3,4.4,4.0,3.6
" ","Horsens",5.5,5.5,5.4,4.8,4.6,4.3,4.2,3.8,3.8
" ","Norddjurs",4.5,4.5,4.8,4.4,4.5,4.4,4.8,4.7,4.4
" ","Odder",5.3,5.9,5.1,4.8,3.9,3.6,3.9,3.6,3.3
" ","Randers",4.8,4.9,4.8,4.2,3.9,3.7,4.0,3.6,3.5
" ","Samsø",5.2,4.5,4.5,4.7,4.4,4.2,5.0,4.8,5.0
" ","Silkeborg",4.3,4.2,4.1,3.8,3.5,3.3,3.7,3.5,3.5
" ","Skanderborg",4.0,4.3,4.3,4.0,4.0,4.0,4.1,3.7,3.4
" ","Syddjurs",5.3,5.6,5.1,4.6,4.2,4.0,4.1,3.7,3.6
" ","Aarhus",4.0,4.0,4.0,3.4,3.3,3.2,3.4,3.2,3.1
" ","Herning",4.4,4.2,4.2,3.7,3.5,3.4,3.6,3.1,2.9
" ","Holstebro",3.6,3.9,3.5,3.2,3.3,3.3,3.3,3.1,3.0
" ","Ikast-Brande",4.3,4.4,4.5,4.2,4.1,3.7,3.8,3.4,3.2
" ","Lemvig",3.0,2.8,3.2,3.3,2.8,2.7,2.9,2.7,2.8
" ","Ringkøbing-Skjern",3.5,3.2,3.4,2.9,2.7,2.7,2.6,2.5,2.4
" ","Skive",3.8,4.4,4.4,3.9,4.1,3.8,4.2,3.6,3.6
" ","Struer",3.5,4.3,4.3,3.8,4.2,3.6,3.7,3.5,3.4
" ","Viborg",4.0,4.1,4.1,3.7,3.7,3.6,3.7,3.3,3.1
" ","Brønderslev",5.5,5.5,5.4,4.8,4.6,4.6,4.5,4.4,4.2
" ","Frederikshavn",6.0,6.1,6.1,5.4,5.3,5.1,5.2,4.8,4.5
" ","Hjørring",5.2,5.5,5.2,4.4,4.5,4.6,4.4,4.1,4.2
" ","Jammerbugt",4.8,5.3,5.6,5.3,5.1,4.5,4.5,4.1,4.2
" ","Læsø",7.3,6.6,6.5,4.6,4.8,4.5,6.0,6.5,5.4
" ","Mariagerfjord",4.9,4.6,4.7,4.3,4.4,4.0,3.9,3.9,3.6
" ","Morsø",3.7,3.8,3.7,3.3,3.1,3.2,3.2,3.5,3.8
" ","Rebild",4.4,4.5,4.3,4.2,4.1,3.8,3.9,3.6,3.7
" ","Thisted",5.3,5.2,4.9,4.4,4.8,4.3,4.1,4.0,3.7
" ","Vesthimmerlands",4.5,4.8,5.1,4.4,4.6,4.3,4.2,4.3,3.8
" ","Aalborg",4.6,4.7,4.5,4.1,4.1,3.9,4.0,3.9,3.8
"80 years and over"
" ","All Denmark",2.8,2.8,2.8,2.5,2.5,2.5,2.6,2.8,2.8
" ","Capital municipalities",2.7,2.6,2.6,2.0,2.0,2.1,2.3,2.6,2.6
" ","Metropolitan municipalities",2.7,2.7,2.7,2.1,2.1,2.2,2.4,2.6,2.7
" ","Provincial municipalities",2.8,2.7,2.8,2.5,2.4,2.4,2.5,2.6,2.7
" ","Commuter municipalities",3.2,3.3,3.4,3.1,3.0,3.0,3.2,3.2,3.2
" ","Rural municipalities",2.7,2.8,2.8,2.5,2.6,2.6,2.8,2.9,2.9
" ","Copenhagen",2.5,2.5,2.3,1.6,1.6,1.6,2.2,2.6,2.5
" ","Frederiksberg",1.8,1.5,1.7,1.4,1.4,1.5,1.6,1.6,1.5
" ","Dragør",1.7,2.3,2.8,2.4,2.7,2.3,2.4,2.5,2.8
" ","Tårnby",1.7,2.0,2.4,2.1,2.1,2.1,2.2,2.7,2.9
" ","Albertslund",2.6,1.9,2.2,1.3,1.6,2.0,2.4,2.9,2.6
" ","Ballerup",3.2,3.1,3.0,2.7,2.5,2.4,2.7,2.5,2.4
" ","Brøndby",2.5,2.4,2.3,2.0,2.0,1.4,1.6,1.4,2.0
" ","Gentofte",2.1,2.3,2.4,1.9,1.7,1.6,1.8,1.8,1.8
" ","Gladsaxe",3.0,2.8,2.9,1.8,1.9,1.9,2.0,2.6,2.3
" ","Glostrup",2.4,2.1,2.3,2.2,2.3,1.7,2.3,1.8,2.0
" ","Herlev",2.8,3.0,2.6,2.3,1.9,1.7,1.7,2.3,2.1
" ","Hvidovre",3.3,3.2,2.9,2.0,2.2,2.0,1.7,2.2,2.5
" ","Høje-Taastrup",5.0,4.2,4.3,3.1,3.2,3.5,3.0,3.0,3.1
" ","Ishøj",5.9,5.8,7.6,4.9,3.4,3.3,4.3,4.9,4.3
" ","Lyngby-Taarbæk",2.7,2.5,2.3,1.7,1.5,1.6,1.6,2.0,2.4
" ","Rødovre",2.1,2.4,2.5,1.9,1.9,2.0,2.2,2.3,2.3
" ","Vallensbæk",3.7,3.4,2.7,1.4,1.8,1.8,2.4,2.8,2.1
" ","Allerød",2.8,2.3,2.4,1.9,2.3,2.3,2.6,2.9,3.0
" ","Egedal",2.6,2.5,2.4,3.3,3.4,3.1,3.5,3.4,3.3
" ","Fredensborg",3.7,3.8,3.8,3.0,3.1,3.4,3.4,3.3,3.3
" ","Frederikssund",3.9,4.6,4.8,3.9,3.9,3.6,3.8,3.9,4.0
" ","Furesø",2.9,2.9,2.7,2.2,2.6,2.5,2.8,2.7,3.2
" ","Gribskov",5.6,5.2,5.4,4.5,4.2,4.7,5.1,4.8,4.5
" ","Halsnæs",6.2,5.6,5.2,4.9,4.2,4.5,4.1,4.4,4.2
" ","Helsingør",4.1,3.7,3.8,3.2,3.2,2.9,3.1,3.0,3.4
" ","Hillerød",2.7,3.0,2.7,2.1,2.0,2.5,2.3,2.6,2.5
" ","Hørsholm",3.8,3.7,3.8,3.2,2.4,2.3,2.7,3.1,3.0
" ","Rudersdal",2.2,2.1,1.7,1.3,1.5,2.0,2.5,2.6,2.4
" ","Bornholm",2.8,3.1,3.1,2.9,2.6,2.5,2.5,2.7,2.8
" ","Greve",4.6,4.4,4.4,4.0,4.2,4.1,4.3,4.6,4.5
" ","Køge",3.4,3.0,3.7,3.3,3.3,3.2,3.4,3.4,3.5
" ","Lejre",4.6,5.2,4.9,4.4,3.6,3.6,3.7,3.2,3.3
" ","Roskilde",2.8,2.4,2.2,2.0,2.0,2.0,2.1,2.4,2.6
" ","Solrød",4.3,3.9,3.7,3.5,3.2,4.0,3.8,4.6,4.1
" ","Faxe",3.7,4.4,5.0,4.4,4.0,3.7,3.9,4.4,3.9
" ","Guldborgsund",4.1,4.2,4.4,4.1,4.0,4.1,4.2,4.2,4.3
" ","Holbæk",3.0,3.1,3.5,3.2,3.2,3.2,3.5,3.5,3.3
" ","Kalundborg",3.3,3.2,3.8,3.6,3.9,3.9,3.8,3.5,3.5
" ","Lolland",4.1,4.1,3.9,3.2,3.9,3.9,4.0,4.2,4.6
" ","Næstved",3.5,3.1,3.8,3.5,3.2,3.1,3.2,3.5,3.7
" ","Odsherred",3.7,3.5,3.5,3.5,3.6,4.0,4.2,4.8,4.8
" ","Ringsted",2.8,3.4,2.9,2.9,3.2,3.0,2.7,2.7,2.8
" ","Slagelse",3.0,2.9,3.2,2.8,2.8,2.8,2.7,2.9,2.9
" ","Sorø",3.2,3.1,3.2,3.0,2.9,3.1,3.1,2.9,3.3
" ","Stevns",5.0,5.7,5.2,5.0,5.3,4.8,5.0,4.2,4.2
" ","Vordingborg",3.4,3.3,3.8,3.8,3.6,3.6,3.8,3.8,3.7
" ","Assens",3.2,2.8,3.0,3.2,3.3,3.3,3.8,3.6,3.6
" ","Faaborg-Midtfyn",3.4,3.4,3.3,3.4,3.3,3.3,3.3,3.6,3.4
" ","Kerteminde",2.2,2.6,3.4,3.2,3.1,3.2,3.1,3.0,3.6
" ","Langeland",3.2,3.6,3.4,3.3,3.0,3.6,3.8,4.1,3.0
" ","Middelfart",3.2,3.3,3.3,3.1,3.1,3.1,3.3,3.3,3.0
" ","Nordfyns",3.4,3.9,4.2,3.2,3.1,2.8,3.6,3.5,3.1
" ","Nyborg",2.2,2.2,2.4,2.3,2.4,1.9,2.1,2.1,2.4
" ","Odense",3.1,3.0,3.0,2.4,2.3,2.4,2.7,3.0,2.8
" ","Svendborg",2.9,2.7,2.6,2.2,2.1,2.4,2.7,3.3,2.9
" ","Ærø",4.0,4.0,4.4,3.3,3.2,2.6,2.9,2.9,1.5
" ","Billund",1.8,1.7,1.8,1.7,1.8,1.4,1.6,2.0,2.1
" ","Esbjerg",2.5,2.4,2.4,2.2,1.9,2.0,2.0,1.9,2.3
" ","Fanø",2.8,2.7,2.5,2.5,1.9,1.7,1.8,3.0,3.1
" ","Fredericia",2.0,2.3,2.6,2.2,2.1,2.3,2.7,2.5,2.9
" ","Haderslev",2.8,2.7,3.0,2.8,2.6,2.8,2.8,3.0,3.2
" ","Kolding",3.1,2.9,2.9,2.7,2.9,2.9,3.5,3.8,3.2
" ","Sønderborg",3.3,3.1,2.9,2.9,3.0,2.7,2.8,2.8,2.9
" ","Tønder",1.8,2.1,2.3,2.0,2.2,2.1,2.1,2.3,2.4
" ","Varde",2.1,2.3,2.1,2.0,1.9,1.9,1.6,1.9,1.6
" ","Vejen",2.3,2.2,2.4,1.9,2.0,2.0,2.2,2.3,2.2
" ","Vejle",2.6,2.5,2.9,2.3,2.3,2.2,2.1,2.2,2.6
" ","Aabenraa",2.6,2.5,2.3,2.0,2.0,2.0,2.3,2.2,2.0
" ","Favrskov",2.5,2.7,2.8,2.5,2.2,2.0,2.1,2.5,2.5
" ","Hedensted",2.4,2.2,2.0,1.9,2.2,2.0,2.6,2.8,2.4
" ","Horsens",3.0,3.0,3.3,2.6,2.6,2.2,2.3,2.7,3.0
" ","Norddjurs",2.2,2.8,2.5,2.1,2.1,2.0,2.2,2.5,2.3
" ","Odder",3.3,2.7,3.1,2.4,2.8,2.8,2.9,2.7,2.9
" ","Randers",2.9,3.0,3.1,2.7,2.6,2.5,2.7,2.6,2.6
" ","Samsø",2.6,3.2,3.1,2.1,2.6,3.2,2.8,4.4,2.7
" ","Silkeborg",2.4,2.8,2.6,2.3,2.1,1.9,2.2,2.1,2.1
" ","Skanderborg",2.2,2.2,2.8,2.3,2.4,2.3,2.3,3.1,2.7
" ","Syddjurs",2.6,3.2,3.2,2.9,2.7,2.6,2.9,2.6,2.8
" ","Aarhus",2.6,2.6,2.4,1.8,2.0,2.0,2.1,2.3,2.5
" ","Herning",2.1,1.8,2.4,2.3,2.4,2.4,2.2,2.2,2.2
" ","Holstebro",2.1,1.7,1.9,1.8,1.6,1.9,2.1,2.0,1.9
" ","Ikast-Brande",1.5,1.5,2.2,1.7,1.6,1.8,2.5,2.4,3.1
" ","Lemvig",2.1,1.8,2.0,2.1,1.9,1.8,2.1,1.9,2.4
" ","Ringkøbing-Skjern",1.6,1.6,1.5,1.5,1.9,1.8,2.0,2.0,1.8
" ","Skive",1.8,2.1,2.1,1.9,1.8,2.2,2.5,2.6,2.6
" ","Struer",1.4,1.5,1.4,1.8,1.7,1.8,1.9,2.1,1.7
" ","Viborg",2.3,2.2,2.2,2.1,2.1,1.7,2.0,2.0,2.2
" ","Brønderslev",2.3,2.2,2.1,1.5,1.4,1.7,2.0,2.2,2.4
" ","Frederikshavn",3.0,3.1,3.3,3.0,3.1,3.1,3.1,3.0,3.1
" ","Hjørring",2.5,2.6,2.5,2.1,2.2,2.3,2.6,2.4,2.4
" ","Jammerbugt",2.2,2.2,2.4,2.1,2.1,2.6,3.0,2.8,3.0
" ","Læsø",3.8,4.3,2.9,3.6,4.1,2.9,4.0,4.8,5.9
" ","Mariagerfjord",1.8,2.3,2.3,1.9,2.4,2.5,2.6,2.9,3.0
" ","Morsø",2.5,2.5,2.5,2.1,1.9,1.9,2.2,2.6,1.8
" ","Rebild",1.7,1.7,1.9,1.7,2.0,2.2,2.0,1.7,2.1
" ","Thisted",2.5,2.6,2.5,2.3,2.0,2.5,2.5,2.6,2.7
" ","Vesthimmerlands",2.6,2.4,2.3,2.2,2.4,2.5,2.8,3.1,3.1
" ","Aalborg",2.5,2.4,2.6,2.2,2.2,2.4,2.5,2.7,2.7

