"Relative poverty (share of the population) by age, municipality groups"
"and time"

" "," ","2015","2016","2017","2018","2019","2020","2021","2022"
"Age, total"
" ","All Denmark",3.6,4.0,4.5,4.4,4.4,4.2,4.0,3.7
" ","Capital municipalities",4.0,4.3,4.7,4.7,4.7,4.5,4.3,4.0
" ","Metropolitan municipalities",4.0,4.4,5.0,5.1,5.2,5.0,5.0,4.6
" ","Provincial municipalities",3.4,3.8,4.3,4.2,4.1,4.0,3.8,3.5
" ","Commuter municipalities",2.7,3.2,3.7,3.5,3.5,3.3,3.1,2.9
" ","Rural municipalities",3.6,4.2,4.5,4.4,4.3,4.1,3.9,3.5
" ","Copenhagen",5.2,5.5,6.0,5.8,5.9,5.7,5.3,4.8
" ","Frederiksberg",3.2,3.4,3.7,3.6,3.6,3.5,3.2,3.0
" ","Dragør",1.9,2.3,2.4,2.2,2.3,2.2,2.4,1.8
" ","Tårnby",3.0,3.5,3.8,3.9,4.0,3.8,3.5,3.4
" ","Albertslund",5.7,6.1,6.3,6.3,6.7,6.1,5.9,5.5
" ","Ballerup",3.4,3.5,3.9,4.0,4.3,4.1,3.8,3.5
" ","Brøndby",5.6,6.0,7.3,7.0,7.4,7.3,7.0,6.3
" ","Gentofte",2.6,2.9,3.2,3.2,3.0,2.9,2.6,2.4
" ","Gladsaxe",3.8,4.1,4.6,4.3,4.3,4.2,4.1,4.0
" ","Glostrup",3.8,4.0,4.4,4.6,4.6,4.6,4.2,4.1
" ","Herlev",3.2,3.4,3.8,3.8,3.9,3.5,3.5,3.3
" ","Hvidovre",3.5,3.7,4.0,3.9,4.0,3.9,4.0,3.8
" ","Høje-Taastrup",4.9,5.5,6.1,5.9,5.7,5.9,5.7,5.3
" ","Ishøj",5.6,5.9,6.8,7.3,6.9,6.3,6.1,5.7
" ","Lyngby-Taarbæk",2.4,2.7,3.0,2.9,3.0,2.9,2.9,2.7
" ","Rødovre",4.0,4.0,4.7,4.7,4.9,5.0,4.9,4.9
" ","Vallensbæk",3.2,3.2,3.5,3.7,3.9,3.6,3.6,3.4
" ","Allerød",1.7,2.1,2.4,2.1,1.9,1.9,1.9,1.7
" ","Egedal",1.6,2.1,2.6,2.5,2.5,2.1,2.1,2.0
" ","Fredensborg",3.1,3.5,3.9,3.7,3.7,3.5,3.3,2.9
" ","Frederikssund",2.6,2.9,3.4,3.2,3.4,3.2,3.1,2.8
" ","Furesø",2.6,2.9,3.3,3.3,3.1,3.0,2.9,2.6
" ","Gribskov",3.0,3.4,3.9,3.6,3.3,3.0,3.0,3.0
" ","Halsnæs",3.4,3.5,3.9,4.0,3.7,3.8,3.5,3.1
" ","Helsingør",3.7,3.9,4.7,4.5,4.3,3.9,3.7,3.3
" ","Hillerød",2.6,3.1,3.6,3.6,3.5,3.4,3.2,3.1
" ","Hørsholm",2.1,2.3,2.6,2.8,2.5,2.3,2.5,2.2
" ","Rudersdal",2.1,2.5,2.6,2.7,2.7,2.7,2.4,2.0
" ","Bornholm",3.0,3.2,3.6,3.5,3.3,3.5,3.3,2.9
" ","Greve",3.0,3.3,3.7,3.7,3.8,3.9,3.7,3.5
" ","Køge",3.1,3.6,4.1,3.9,3.8,3.9,3.9,3.5
" ","Lejre",2.3,2.8,2.9,2.7,2.6,2.5,2.4,2.3
" ","Roskilde",2.8,3.0,3.4,3.3,3.3,3.2,3.0,2.6
" ","Solrød",1.9,2.6,2.6,2.6,2.4,2.5,2.2,1.9
" ","Faxe",3.6,4.2,4.8,4.5,4.3,3.9,3.7,3.5
" ","Guldborgsund",4.4,5.2,6.0,6.0,5.9,5.5,5.3,4.9
" ","Holbæk",3.4,3.9,4.5,4.3,4.4,4.0,4.0,3.6
" ","Kalundborg",3.8,4.4,4.9,4.8,4.6,4.4,4.3,3.9
" ","Lolland",4.6,5.3,6.1,6.2,6.1,6.0,5.6,5.1
" ","Næstved",3.6,3.9,4.7,4.6,4.3,4.2,4.0,3.8
" ","Odsherred",3.6,4.6,5.1,4.8,4.5,4.5,4.2,3.7
" ","Ringsted",3.3,3.8,4.3,4.3,4.5,4.2,3.6,3.4
" ","Slagelse",4.7,5.1,5.5,5.7,5.8,5.7,5.3,4.8
" ","Sorø",2.9,3.4,4.1,4.1,3.8,3.7,3.2,3.2
" ","Stevns",2.8,3.4,3.8,3.7,3.4,3.2,3.1,2.6
" ","Vordingborg",3.8,4.4,5.3,5.0,5.1,4.5,4.4,4.1
" ","Assens",3.1,3.4,4.1,4.0,4.0,3.8,3.6,3.4
" ","Faaborg-Midtfyn",2.5,3.3,3.8,3.9,3.7,3.4,3.4,3.1
" ","Kerteminde",2.6,3.3,3.9,3.8,4.2,3.7,3.6,3.2
" ","Langeland",4.0,4.7,5.3,5.1,4.7,4.7,4.5,3.8
" ","Middelfart",2.3,2.9,3.3,3.0,3.1,2.9,3.1,2.7
" ","Nordfyns",2.8,3.2,3.9,3.8,4.0,3.7,3.6,3.3
" ","Nyborg",3.1,4.0,4.5,4.1,3.9,4.0,3.6,3.4
" ","Odense",4.7,5.2,6.0,5.9,5.9,5.7,5.6,5.2
" ","Svendborg",3.5,4.3,5.0,4.7,4.6,4.7,4.6,4.2
" ","Ærø",3.0,3.6,4.0,4.2,4.1,3.8,3.9,3.8
" ","Billund",2.8,3.4,3.4,3.3,3.2,3.2,3.0,2.5
" ","Esbjerg",3.7,4.2,4.7,4.3,4.3,4.1,4.0,3.5
" ","Fanø",2.0,3.5,3.9,3.6,2.6,2.7,2.3,1.5
" ","Fredericia",4.0,4.5,5.2,5.1,5.3,5.0,5.0,4.7
" ","Haderslev",4.0,4.5,5.1,4.6,4.7,4.6,4.4,4.1
" ","Kolding",3.5,4.0,4.2,4.2,4.2,4.1,3.9,3.6
" ","Sønderborg",3.3,4.0,4.3,4.0,4.2,4.0,3.9,3.6
" ","Tønder",3.9,4.7,4.8,4.7,4.7,4.6,4.4,3.8
" ","Varde",3.1,3.8,3.5,3.6,3.4,3.0,3.0,2.6
" ","Vejen",3.3,4.0,4.2,3.8,3.8,3.5,3.3,2.7
" ","Vejle",3.0,3.6,4.0,4.0,3.8,3.7,3.7,3.3
" ","Aabenraa",3.9,4.6,4.8,4.5,4.6,4.4,3.9,3.5
" ","Favrskov",1.9,2.2,2.8,2.6,2.4,2.3,2.4,2.1
" ","Hedensted",2.1,2.6,2.9,2.9,3.0,2.7,2.6,2.3
" ","Horsens",3.4,4.0,4.4,4.1,4.0,3.9,3.7,3.4
" ","Norddjurs",3.9,4.3,4.7,4.6,4.2,4.0,3.8,3.5
" ","Odder",2.5,2.8,3.5,3.1,3.1,2.6,2.6,2.5
" ","Randers",3.8,4.3,4.8,4.9,5.0,4.8,4.7,4.6
" ","Samsø",2.6,3.3,3.8,4.5,3.8,3.4,3.9,3.6
" ","Silkeborg",2.7,3.1,3.4,3.3,3.5,3.1,3.0,2.5
" ","Skanderborg",1.7,2.3,2.6,2.4,2.4,2.2,2.0,1.9
" ","Syddjurs",2.4,3.4,3.6,3.4,3.3,3.1,3.1,2.7
" ","Aarhus",3.8,4.2,4.8,4.9,5.0,4.9,4.8,4.5
" ","Herning",3.2,3.7,3.9,4.0,3.8,3.6,3.5,3.2
" ","Holstebro",3.1,3.7,4.1,4.0,3.9,4.0,3.6,3.3
" ","Ikast-Brande",2.7,3.0,3.4,3.6,3.4,3.4,3.4,3.0
" ","Lemvig",3.0,3.5,3.4,3.4,3.4,3.1,2.9,2.7
" ","Ringkøbing-Skjern",3.1,3.3,3.4,3.5,3.2,3.0,2.8,2.6
" ","Skive",3.1,3.6,4.1,3.9,3.6,3.5,3.2,3.1
" ","Struer",3.7,4.4,4.7,4.2,3.9,3.9,3.7,3.4
" ","Viborg",3.2,3.7,3.8,3.8,3.8,3.6,3.4,3.0
" ","Brønderslev",3.7,4.1,4.5,4.3,3.9,3.8,3.5,3.2
" ","Frederikshavn",3.1,3.7,4.2,4.3,4.0,4.2,3.7,3.3
" ","Hjørring",3.8,4.3,4.5,4.4,4.1,4.0,3.6,3.3
" ","Jammerbugt",3.1,3.8,4.5,4.1,4.0,3.6,3.4,3.0
" ","Læsø",3.2,3.1,3.3,2.5,2.4,2.6,2.7,2.9
" ","Mariagerfjord",3.5,3.8,4.2,4.2,4.4,4.1,3.8,3.6
" ","Morsø",3.6,4.4,4.5,3.9,3.8,3.5,4.0,3.1
" ","Rebild",2.2,2.3,2.8,2.6,2.6,2.5,2.1,1.9
" ","Thisted",3.4,3.8,4.2,4.2,4.0,4.0,3.7,3.2
" ","Vesthimmerlands",4.0,4.2,4.3,4.4,4.1,3.9,3.7,3.3
" ","Aalborg",3.6,4.0,4.6,4.6,4.6,4.5,4.7,4.3
"0-17 years"
" ","All Denmark",3.8,4.6,5.6,5.4,5.3,5.0,4.7,4.2
" ","Capital municipalities",3.9,4.3,5.2,5.0,5.0,4.8,4.5,4.0
" ","Metropolitan municipalities",4.1,4.8,6.3,6.1,6.3,5.8,5.7,5.1
" ","Provincial municipalities",3.5,4.3,5.3,5.1,4.9,4.7,4.5,3.9
" ","Commuter municipalities",3.0,3.9,4.9,4.6,4.6,4.2,4.0,3.6
" ","Rural municipalities",4.4,5.6,6.7,6.3,6.1,5.8,5.5,4.8
" ","Copenhagen",5.2,5.6,6.8,6.3,6.2,5.9,5.5,4.6
" ","Frederiksberg",2.8,3.3,3.9,3.7,3.8,3.5,3.1,2.7
" ","Dragør",2.0,2.5,2.3,2.3,2.2,2.2,2.6,1.9
" ","Tårnby",3.0,3.5,4.1,4.1,4.1,4.0,3.5,3.2
" ","Albertslund",6.0,6.0,6.4,6.5,7.2,6.3,6.2,6.0
" ","Ballerup",3.3,3.6,4.6,4.7,5.1,5.2,4.6,4.1
" ","Brøndby",7.0,7.5,10.4,9.3,10.0,9.1,9.0,7.2
" ","Gentofte",1.9,2.2,2.6,2.7,2.5,2.5,2.3,2.1
" ","Gladsaxe",4.0,4.3,5.4,4.7,5.1,4.9,4.8,4.7
" ","Glostrup",3.7,4.0,4.8,4.9,5.4,4.9,4.7,4.4
" ","Herlev",3.4,3.5,4.7,4.2,4.5,3.8,3.9,3.5
" ","Hvidovre",3.2,3.6,4.2,3.8,4.0,4.0,4.1,3.8
" ","Høje-Taastrup",5.4,6.7,7.7,7.7,7.1,7.3,6.9,6.2
" ","Ishøj",6.1,7.4,8.5,9.6,8.0,6.9,7.2,6.6
" ","Lyngby-Taarbæk",2.1,2.5,3.2,3.1,3.1,3.1,3.0,2.8
" ","Rødovre",4.4,4.3,5.7,5.0,5.2,5.4,5.2,5.3
" ","Vallensbæk",3.9,3.9,3.9,4.3,4.4,3.8,4.0,3.5
" ","Allerød",1.6,2.3,2.7,2.3,2.3,2.1,2.1,2.1
" ","Egedal",1.3,2.0,2.8,2.5,2.7,2.2,2.0,2.1
" ","Fredensborg",3.7,4.3,5.3,4.9,4.9,4.3,3.9,3.4
" ","Frederikssund",2.8,3.2,4.6,4.2,4.6,4.2,4.0,3.4
" ","Furesø",2.5,2.6,3.5,3.7,3.5,3.6,3.1,3.0
" ","Gribskov",3.4,4.1,5.4,4.8,4.4,3.6,4.1,4.1
" ","Halsnæs",3.8,4.4,5.6,6.0,5.2,5.6,5.2,4.4
" ","Helsingør",4.0,4.5,6.3,5.9,5.4,4.6,4.6,3.8
" ","Hillerød",2.3,3.4,4.2,3.9,3.8,3.7,3.4,3.5
" ","Hørsholm",2.3,2.3,3.2,3.7,3.4,3.1,3.4,3.0
" ","Rudersdal",2.2,2.7,3.0,3.0,3.2,2.9,2.7,1.9
" ","Bornholm",3.7,4.0,5.0,5.0,4.7,5.4,5.1,4.1
" ","Greve",2.6,3.3,3.8,3.8,3.8,4.0,3.6,3.4
" ","Køge",3.6,4.3,5.4,5.1,5.0,5.5,5.4,4.4
" ","Lejre",2.4,3.7,3.7,3.5,3.5,3.2,3.0,2.5
" ","Roskilde",2.2,2.4,3.3,3.2,2.8,3.0,2.8,2.3
" ","Solrød",1.9,3.0,3.0,3.3,2.9,3.2,2.5,2.1
" ","Faxe",4.6,5.9,7.2,6.3,6.1,5.0,5.0,4.6
" ","Guldborgsund",5.6,7.5,9.4,9.2,9.2,8.4,8.3,7.2
" ","Holbæk",3.7,4.4,5.8,5.7,5.9,5.1,5.2,4.9
" ","Kalundborg",5.0,6.3,8.1,7.7,7.4,6.8,6.7,6.2
" ","Lolland",6.6,7.8,10.0,10.2,9.5,9.7,9.1,8.3
" ","Næstved",4.1,4.3,6.2,5.8,5.3,5.3,4.8,4.5
" ","Odsherred",4.4,6.7,8.6,7.9,7.5,7.8,6.9,5.5
" ","Ringsted",3.5,4.3,5.6,5.2,5.7,5.3,4.2,3.9
" ","Slagelse",6.2,6.9,8.1,8.2,8.2,8.1,7.5,6.6
" ","Sorø",3.1,4.0,5.6,6.1,5.6,5.2,4.5,4.5
" ","Stevns",2.9,4.2,4.7,4.9,4.8,4.6,4.3,3.0
" ","Vordingborg",4.5,5.6,7.8,7.4,7.6,6.4,6.4,5.3
" ","Assens",3.7,4.5,5.7,5.4,5.4,5.0,4.5,4.5
" ","Faaborg-Midtfyn",2.6,3.9,5.1,5.3,5.1,4.7,4.8,4.3
" ","Kerteminde",2.9,4.7,6.2,5.7,6.8,5.4,5.7,4.7
" ","Langeland",6.0,9.1,10.6,10.1,8.1,7.7,7.6,5.5
" ","Middelfart",2.7,3.6,4.6,3.9,4.2,3.8,4.3,4.1
" ","Nordfyns",3.3,4.1,5.5,5.3,5.5,5.5,4.9,4.4
" ","Nyborg",4.0,5.8,7.0,5.9,5.6,5.7,4.9,4.7
" ","Odense",5.4,6.3,8.0,7.5,7.7,7.0,6.8,6.2
" ","Svendborg",3.0,4.2,6.2,5.3,5.4,5.6,4.9,4.6
" ","Ærø",4.9,5.7,7.8,7.0,7.4,7.0,6.4,6.3
" ","Billund",3.2,4.6,5.1,4.9,4.3,4.2,3.9,2.7
" ","Esbjerg",4.2,5.1,6.1,5.4,5.1,4.5,4.2,3.6
" ","Fanø",2.3,6.4,8.5,6.9,3.7,4.1,2.7,1.3
" ","Fredericia",3.8,5.0,6.8,6.6,6.6,6.1,6.7,6.1
" ","Haderslev",5.1,6.3,7.9,6.7,7.1,6.9,6.2,5.7
" ","Kolding",3.6,4.4,5.2,5.1,5.1,4.7,4.3,3.8
" ","Sønderborg",3.8,5.7,6.4,5.6,6.2,5.7,5.7,5.4
" ","Tønder",5.7,7.3,7.6,7.2,7.2,6.8,6.2,5.3
" ","Varde",4.0,5.4,5.3,5.1,4.7,3.6,3.9,3.4
" ","Vejen",3.8,5.2,5.8,5.1,5.1,4.6,4.4,3.2
" ","Vejle",3.3,4.3,4.9,5.1,4.7,4.6,4.7,4.0
" ","Aabenraa",5.1,6.2,7.1,6.4,6.1,5.9,5.7,4.9
" ","Favrskov",2.0,2.6,3.6,3.4,3.0,2.8,2.9,2.4
" ","Hedensted",2.3,3.2,4.0,3.8,4.3,3.9,3.7,3.0
" ","Horsens",3.2,4.0,5.2,4.5,4.4,4.2,4.1,3.6
" ","Norddjurs",4.4,5.5,6.0,6.1,5.7,5.3,5.3,4.5
" ","Odder",2.9,3.6,4.9,3.9,3.8,2.8,2.8,2.8
" ","Randers",3.8,4.6,5.7,5.8,6.0,5.2,5.2,4.8
" ","Samsø",3.4,5.0,6.8,9.7,6.1,5.6,4.5,5.0
" ","Silkeborg",2.7,3.2,4.1,4.0,4.3,3.7,3.5,2.7
" ","Skanderborg",1.6,2.4,2.9,2.5,2.5,2.4,2.3,1.8
" ","Syddjurs",2.5,4.4,5.0,4.8,4.2,4.0,4.3,3.4
" ","Aarhus",3.9,4.6,6.0,5.9,6.1,5.7,5.5,4.8
" ","Herning",3.3,4.0,4.7,4.6,4.3,4.1,3.9,3.4
" ","Holstebro",3.6,4.8,5.7,5.4,5.0,5.1,4.3,3.9
" ","Ikast-Brande",2.9,3.5,4.2,4.1,3.8,3.6,3.8,3.0
" ","Lemvig",4.2,5.1,5.1,5.2,5.8,5.3,5.3,4.5
" ","Ringkøbing-Skjern",4.2,4.9,5.3,5.3,4.6,4.3,4.0,3.4
" ","Skive",3.4,4.3,5.4,5.1,4.9,4.7,4.1,4.3
" ","Struer",5.0,6.0,7.1,6.1,5.1,5.4,5.5,4.7
" ","Viborg",3.2,3.9,4.6,4.5,4.4,4.3,4.2,3.3
" ","Brønderslev",4.5,5.5,6.3,5.5,5.1,4.9,4.6,4.1
" ","Frederikshavn",3.6,4.9,6.0,6.3,5.8,6.3,5.0,4.5
" ","Hjørring",4.5,5.5,6.0,6.3,5.7,5.3,5.1,4.4
" ","Jammerbugt",3.8,4.8,6.4,5.6,5.3,4.8,4.6,3.9
" ","Læsø",5.1,7.1,8.7,4.3,3.6,4.1,1.8,3.2
" ","Mariagerfjord",3.7,4.6,5.8,5.6,5.7,5.3,4.9,4.4
" ","Morsø",5.7,7.5,8.1,6.5,5.9,5.1,6.5,4.7
" ","Rebild",2.1,2.2,3.2,3.4,3.2,3.3,2.4,2.3
" ","Thisted",4.5,5.0,6.0,6.2,5.6,5.6,4.9,3.9
" ","Vesthimmerlands",5.6,6.0,6.2,6.0,5.9,5.5,4.9,4.3
" ","Aalborg",3.2,3.7,5.0,5.0,5.2,4.7,4.9,4.5
"18-29 years"
" ","All Denmark",8.1,8.8,9.1,8.8,8.7,8.2,7.6,7.1
" ","Capital municipalities",7.4,7.6,7.9,7.6,7.7,7.4,6.7,6.2
" ","Metropolitan municipalities",7.1,7.7,8.1,8.0,8.0,7.8,7.4,7.0
" ","Provincial municipalities",8.8,9.7,9.9,9.6,9.5,8.9,8.2,7.7
" ","Commuter municipalities",8.1,9.3,9.8,9.2,8.9,8.2,7.5,7.0
" ","Rural municipalities",9.8,11.1,11.5,11.0,10.6,9.9,9.2,8.6
" ","Copenhagen",7.0,7.1,7.4,7.1,7.3,7.1,6.5,5.9
" ","Frederiksberg",5.5,5.8,6.1,5.6,5.9,5.8,4.8,4.9
" ","Dragør",7.1,6.7,7.5,5.8,6.5,5.3,6.1,5.2
" ","Tårnby",7.5,8.3,8.9,9.0,9.6,9.0,8.5,8.1
" ","Albertslund",12.0,13.5,12.4,11.7,11.4,11.0,10.1,9.0
" ","Ballerup",8.4,8.9,8.7,9.0,9.5,8.3,7.5,7.2
" ","Brøndby",10.9,11.1,12.9,12.8,13.0,12.6,10.2,10.1
" ","Gentofte",7.8,8.6,8.6,8.4,7.8,7.0,6.0,5.3
" ","Gladsaxe",8.1,8.3,8.7,8.3,7.9,7.8,7.1,6.7
" ","Glostrup",9.1,8.6,9.2,9.2,8.0,8.2,6.9,6.4
" ","Herlev",7.1,8.0,8.2,8.7,7.6,7.0,6.2,6.3
" ","Hvidovre",8.2,8.2,8.2,8.4,8.6,8.0,7.7,7.7
" ","Høje-Taastrup",11.0,11.3,11.4,10.1,9.4,9.7,8.5,7.5
" ","Ishøj",10.3,9.6,10.8,12.0,12.4,11.4,10.5,9.5
" ","Lyngby-Taarbæk",5.9,6.2,6.1,6.2,6.2,5.3,5.3,4.9
" ","Rødovre",9.0,8.7,9.6,9.2,9.8,9.3,8.1,8.1
" ","Vallensbæk",7.3,6.9,8.0,7.4,8.5,8.3,8.4,6.6
" ","Allerød",6.1,7.9,8.4,7.0,6.4,6.1,6.1,4.8
" ","Egedal",5.4,6.5,6.8,6.7,6.3,4.9,5.2,4.8
" ","Fredensborg",7.6,8.7,9.2,9.2,8.8,8.8,7.5,6.5
" ","Frederikssund",7.7,8.2,8.7,8.6,8.2,7.4,6.9,5.8
" ","Furesø",8.4,9.3,9.7,8.6,8.3,7.6,7.6,6.4
" ","Gribskov",8.2,10.0,10.2,9.7,9.0,8.1,6.6,7.3
" ","Halsnæs",10.0,10.1,10.6,10.1,9.1,9.2,8.5,8.4
" ","Helsingør",9.6,9.9,10.3,10.3,10.7,9.3,8.7,7.1
" ","Hillerød",7.2,7.9,8.3,8.3,8.2,7.6,6.7,6.6
" ","Hørsholm",6.5,8.1,8.0,9.0,7.1,6.7,5.8,4.9
" ","Rudersdal",6.9,7.7,7.8,7.5,7.3,6.9,5.9,4.9
" ","Bornholm",9.9,10.8,11.5,11.1,10.4,10.0,9.6,8.9
" ","Greve",7.6,8.4,8.9,8.9,8.9,8.9,8.2,7.4
" ","Køge",8.2,9.6,9.7,8.7,8.4,8.0,7.8,7.3
" ","Lejre",8.4,8.1,8.7,7.4,7.2,6.4,6.3,5.9
" ","Roskilde",8.0,8.9,8.7,8.3,8.6,7.6,6.9,6.3
" ","Solrød",6.5,7.8,7.0,6.1,6.4,6.2,5.1,4.7
" ","Faxe",9.6,11.1,11.0,10.7,10.3,9.1,8.1,7.7
" ","Guldborgsund",12.5,14.7,16.1,15.9,14.9,13.0,11.6,10.7
" ","Holbæk",9.6,10.7,11.0,10.5,10.5,9.4,8.9,7.8
" ","Kalundborg",10.7,12.1,11.7,11.6,10.9,10.1,10.2,8.5
" ","Lolland",13.7,16.2,16.7,16.2,16.6,15.3,13.4,12.1
" ","Næstved",8.8,9.9,10.9,10.6,10.1,9.7,8.8,7.9
" ","Odsherred",12.1,14.1,14.2,12.8,12.0,11.6,10.3,10.7
" ","Ringsted",7.8,8.9,9.1,9.3,9.5,7.7,7.0,6.7
" ","Slagelse",11.0,11.5,11.3,11.5,11.7,10.6,9.5,9.1
" ","Sorø",9.2,10.3,11.4,10.0,9.1,9.1,7.7,7.8
" ","Stevns",8.8,11.4,11.2,11.3,9.6,9.0,8.5,7.8
" ","Vordingborg",12.8,13.8,14.5,13.6,13.3,11.1,10.9,10.5
" ","Assens",9.5,9.6,10.5,10.2,9.4,9.4,8.5,8.2
" ","Faaborg-Midtfyn",8.1,10.0,11.1,11.0,9.9,8.8,8.3,7.9
" ","Kerteminde",7.8,9.7,10.1,10.5,10.0,9.2,8.4,7.8
" ","Langeland",12.5,14.1,14.1,15.5,13.3,12.7,12.8,10.6
" ","Middelfart",7.5,9.0,9.2,8.0,8.7,7.7,7.8,6.5
" ","Nordfyns",8.6,9.8,11.2,10.4,11.2,9.1,8.5,7.7
" ","Nyborg",9.1,11.5,12.5,11.1,10.0,9.8,8.7,8.2
" ","Odense",8.0,8.6,9.1,8.9,8.8,8.4,7.8,7.4
" ","Svendborg",11.1,13.0,13.0,12.9,12.3,11.8,12.6,11.4
" ","Ærø",6.9,9.2,10.3,10.7,10.3,8.9,8.4,10.2
" ","Billund",7.3,8.6,8.5,7.6,7.8,7.7,7.1,7.1
" ","Esbjerg",8.3,9.0,9.6,9.0,9.1,8.8,8.4,7.9
" ","Fanø",5.2,6.0,8.2,7.5,6.6,4.4,7.1,3.5
" ","Fredericia",11.4,11.1,11.8,10.7,11.5,10.9,9.8,9.8
" ","Haderslev",9.7,10.4,11.2,10.2,10.5,9.7,9.0,8.4
" ","Kolding",8.0,9.0,9.0,9.2,9.2,8.3,8.2,7.5
" ","Sønderborg",8.9,9.6,10.3,9.7,9.8,9.8,8.5,8.1
" ","Tønder",9.0,10.9,11.3,10.5,11.0,10.1,9.4,8.5
" ","Varde",7.9,9.3,8.4,8.6,8.2,7.4,6.6,6.4
" ","Vejen",8.7,10.0,9.9,9.3,9.4,8.4,7.8,6.9
" ","Vejle",7.7,9.0,9.3,8.7,8.2,7.8,7.8,7.0
" ","Aabenraa",8.5,10.3,10.2,9.3,9.9,9.1,7.9,6.9
" ","Favrskov",5.8,6.9,7.7,7.1,6.2,6.3,5.8,5.8
" ","Hedensted",6.5,7.7,7.7,7.8,7.5,6.6,6.1,6.0
" ","Horsens",9.5,10.6,10.6,9.7,9.3,9.4,8.4,7.9
" ","Norddjurs",10.0,11.0,11.2,11.2,9.5,8.8,8.3,8.8
" ","Odder",7.2,7.4,9.1,8.4,8.7,8.4,7.0,7.5
" ","Randers",9.7,10.7,11.2,11.4,11.1,10.8,10.4,10.5
" ","Samsø",8.8,11.4,13.6,11.6,11.4,9.1,9.1,9.5
" ","Silkeborg",8.2,8.9,8.9,8.3,8.3,7.4,6.9,6.4
" ","Skanderborg",6.4,7.8,8.5,7.3,7.6,6.4,5.7,5.5
" ","Syddjurs",8.3,10.1,9.9,8.8,10.1,9.1,8.3,7.0
" ","Aarhus",6.4,6.8,7.2,7.3,7.5,7.4,7.0,6.7
" ","Herning",7.7,9.3,9.3,9.3,8.8,8.0,7.5,7.2
" ","Holstebro",8.4,9.0,9.5,9.3,9.0,8.9,7.8,7.5
" ","Ikast-Brande",7.3,8.3,8.4,8.5,8.4,8.0,7.6,6.6
" ","Lemvig",7.1,8.6,8.5,8.2,7.5,7.0,5.8,6.5
" ","Ringkøbing-Skjern",7.3,7.8,7.8,7.6,7.0,6.6,6.7,6.3
" ","Skive",8.9,11.0,11.9,11.1,9.7,9.5,8.5,8.0
" ","Struer",10.8,12.1,12.4,10.6,10.2,9.7,9.4,8.8
" ","Viborg",9.6,10.3,10.8,10.1,9.9,9.2,8.3,7.6
" ","Brønderslev",11.0,11.2,12.1,11.2,9.2,9.9,7.9,7.8
" ","Frederikshavn",9.6,10.7,11.3,11.3,10.2,10.8,9.7,8.6
" ","Hjørring",10.0,10.9,11.1,10.1,10.1,9.3,8.1,8.3
" ","Jammerbugt",9.8,11.8,12.6,11.4,11.9,10.1,9.5,9.3
" ","Læsø",10.1,7.2,4.5,4.3,5.1,4.0,5.5,6.8
" ","Mariagerfjord",10.3,10.9,10.4,10.5,10.9,9.6,9.3,9.1
" ","Morsø",8.8,10.7,10.5,8.9,8.9,8.7,9.7,7.9
" ","Rebild",7.1,6.8,8.4,6.5,5.8,5.6,5.1,5.4
" ","Thisted",8.6,9.9,10.2,10.2,9.5,9.4,8.9,7.7
" ","Vesthimmerlands",9.5,9.9,10.9,11.1,10.5,9.7,9.8,8.9
" ","Aalborg",7.6,8.5,8.7,8.2,8.1,7.9,7.8,7.2
"30-39 years"
" ","All Denmark",5.0,5.7,6.4,6.4,6.5,6.3,6.0,5.5
" ","Capital municipalities",5.2,5.6,6.0,6.1,6.2,5.9,5.5,5.1
" ","Metropolitan municipalities",5.1,5.7,6.6,6.8,7.1,7.0,7.0,6.5
" ","Provincial municipalities",4.6,5.5,6.2,6.3,6.4,6.2,5.9,5.4
" ","Commuter municipalities",4.1,5.2,6.0,5.9,5.9,5.5,5.3,4.8
" ","Rural municipalities",5.5,6.7,7.5,7.4,7.3,7.1,6.8,6.2
" ","Copenhagen",5.5,5.9,6.1,6.1,6.3,6.0,5.6,5.1
" ","Frederiksberg",3.7,3.9,4.2,4.3,4.0,3.9,3.8,3.7
" ","Dragør",4.2,4.1,4.8,4.2,4.4,5.4,5.2,4.0
" ","Tårnby",4.5,5.4,6.0,5.9,6.0,6.5,5.4,5.2
" ","Albertslund",8.4,8.8,9.3,9.9,11.0,10.0,8.9,8.4
" ","Ballerup",5.7,5.2,6.4,6.3,6.5,6.0,5.8,5.2
" ","Brøndby",8.2,8.9,9.8,9.8,10.4,10.1,9.5,8.0
" ","Gentofte",4.9,5.4,6.3,6.6,6.1,6.1,5.1,4.7
" ","Gladsaxe",5.3,6.2,6.6,6.2,6.1,5.6,5.7,5.6
" ","Glostrup",5.4,5.8,5.5,6.1,6.4,6.0,5.6,6.1
" ","Herlev",4.1,4.5,4.7,5.2,5.9,5.2,4.8,5.3
" ","Hvidovre",4.7,5.1,5.5,5.6,5.7,5.8,5.5,5.5
" ","Høje-Taastrup",6.3,7.4,8.5,8.4,8.3,8.5,7.2,7.3
" ","Ishøj",7.7,8.3,8.5,9.5,8.3,7.5,7.4,6.8
" ","Lyngby-Taarbæk",3.9,4.5,4.9,5.0,5.3,4.9,5.2,4.4
" ","Rødovre",5.2,5.4,6.3,6.6,6.5,6.5,6.6,6.7
" ","Vallensbæk",5.1,5.4,5.8,5.5,5.9,5.5,5.3,5.0
" ","Allerød",3.0,3.8,3.7,3.4,3.1,3.5,3.2,2.6
" ","Egedal",2.9,3.5,4.8,4.5,4.6,4.2,3.4,3.3
" ","Fredensborg",5.6,6.5,7.4,6.7,6.9,6.1,5.6,5.4
" ","Frederikssund",4.1,4.9,5.9,5.8,6.2,5.8,5.8,5.3
" ","Furesø",4.7,5.3,6.3,6.5,6.3,6.1,5.3,4.2
" ","Gribskov",5.8,6.0,7.4,7.1,6.7,6.3,6.2,6.7
" ","Halsnæs",4.8,5.5,6.7,7.5,6.8,7.3,6.2,5.9
" ","Helsingør",6.3,6.9,8.1,8.2,7.4,7.1,6.5,6.3
" ","Hillerød",4.1,5.6,6.2,6.4,5.9,5.6,4.9,4.9
" ","Hørsholm",3.8,4.3,5.5,5.8,5.3,5.1,5.8,5.3
" ","Rudersdal",3.3,4.1,4.2,5.4,5.2,5.2,4.1,3.9
" ","Bornholm",5.2,6.2,6.6,6.4,6.2,6.9,6.3,6.2
" ","Greve",5.5,5.8,7.0,7.0,7.4,7.1,6.3,5.9
" ","Køge",4.4,5.2,6.4,6.2,6.7,6.4,6.6,5.5
" ","Lejre",3.8,4.8,5.6,5.3,4.6,4.4,4.3,3.9
" ","Roskilde",4.7,4.8,5.7,5.9,5.7,5.9,5.4,4.6
" ","Solrød",2.6,4.7,4.4,4.9,4.0,3.5,3.2,2.8
" ","Faxe",6.0,7.4,9.1,8.1,8.1,6.8,6.4,6.6
" ","Guldborgsund",7.0,8.5,10.0,9.9,10.2,9.7,9.6,9.1
" ","Holbæk",5.2,6.3,7.2,7.2,7.4,6.8,6.7,5.8
" ","Kalundborg",5.4,7.1,8.1,7.5,7.5,7.6,7.9,6.7
" ","Lolland",7.8,8.9,11.5,10.7,10.7,10.8,10.5,10.1
" ","Næstved",5.1,5.8,7.1,7.2,7.4,6.8,6.4,6.3
" ","Odsherred",6.3,7.7,9.7,10.9,9.8,9.9,8.4,7.5
" ","Ringsted",4.3,5.5,6.6,6.7,7.0,7.0,6.2,5.2
" ","Slagelse",6.4,7.3,7.8,8.2,8.7,8.4,7.9,6.9
" ","Sorø",3.9,5.1,6.8,7.1,7.0,6.2,5.2,5.0
" ","Stevns",4.4,6.2,7.4,6.6,6.7,6.5,6.4,4.7
" ","Vordingborg",5.4,7.4,8.8,8.7,9.2,8.7,9.0,8.6
" ","Assens",4.7,5.5,6.8,7.3,6.8,6.5,6.2,5.5
" ","Faaborg-Midtfyn",3.8,5.4,6.1,6.7,6.3,6.1,6.1,5.5
" ","Kerteminde",4.2,5.8,6.6,6.2,7.5,6.7,6.0,5.9
" ","Langeland",8.0,10.3,12.1,11.6,12.2,11.4,10.4,8.5
" ","Middelfart",3.8,5.0,5.7,5.0,5.2,5.3,5.6,4.4
" ","Nordfyns",3.2,4.8,5.8,6.2,6.9,6.7,6.2,6.2
" ","Nyborg",4.1,6.0,6.9,6.8,6.1,5.9,5.9,6.0
" ","Odense",6.4,7.1,8.1,8.1,8.4,8.3,8.2,7.4
" ","Svendborg",5.4,6.6,8.4,7.9,8.0,8.4,8.0,7.7
" ","Ærø",7.4,9.4,8.2,10.3,10.7,9.1,8.4,8.3
" ","Billund",4.2,4.7,4.8,4.8,4.6,5.5,5.0,4.0
" ","Esbjerg",4.9,5.8,6.6,6.1,6.0,6.1,6.0,5.0
" ","Fanø",5.2,10.7,10.1,11.1,7.1,6.0,4.8,3.3
" ","Fredericia",5.7,7.0,7.8,7.5,8.0,7.5,8.2,7.2
" ","Haderslev",6.1,7.0,8.0,7.6,7.9,8.0,7.4,7.0
" ","Kolding",4.9,5.4,6.0,6.2,6.3,6.4,5.6,5.8
" ","Sønderborg",5.4,6.4,6.5,6.2,6.7,6.3,6.2,5.5
" ","Tønder",6.2,7.5,7.9,7.6,7.4,7.6,7.8,6.7
" ","Varde",4.3,5.5,5.7,5.9,5.2,4.6,4.6,3.9
" ","Vejen",4.5,5.6,5.5,5.2,5.6,5.0,4.7,4.5
" ","Vejle",4.0,5.2,5.3,5.7,5.8,5.1,5.2,4.5
" ","Aabenraa",5.7,7.5,7.4,7.8,7.4,7.0,6.0,6.0
" ","Favrskov",2.9,3.3,4.6,4.3,4.1,3.4,3.6,3.2
" ","Hedensted",2.7,4.1,4.5,4.3,4.5,4.2,4.2,3.6
" ","Horsens",4.0,5.0,5.7,5.5,5.2,5.1,4.9,4.5
" ","Norddjurs",5.9,7.0,8.1,8.2,7.8,7.1,7.0,6.6
" ","Odder",4.1,5.5,6.3,5.7,5.1,4.0,4.3,3.8
" ","Randers",5.2,6.3,7.1,7.3,7.9,7.7,7.7,7.3
" ","Samsø",6.8,7.1,7.4,11.3,7.8,10.8,10.9,10.2
" ","Silkeborg",3.6,4.3,5.3,5.3,5.6,5.0,4.6,3.6
" ","Skanderborg",2.3,3.2,3.6,3.7,3.7,3.3,2.8,2.6
" ","Syddjurs",4.1,5.7,6.2,6.3,5.8,5.8,5.7,5.0
" ","Aarhus",4.6,5.1,6.0,6.2,6.6,6.5,6.4,6.0
" ","Herning",4.0,4.8,5.2,5.7,5.5,5.6,5.2,4.8
" ","Holstebro",4.3,5.5,6.3,6.3,5.9,5.6,5.0,5.0
" ","Ikast-Brande",4.1,4.7,5.4,5.5,5.6,5.0,5.5,4.9
" ","Lemvig",5.3,6.6,6.8,6.7,6.5,5.8,6.2,5.6
" ","Ringkøbing-Skjern",4.9,5.5,5.6,6.0,5.5,5.0,4.4,3.9
" ","Skive",5.1,5.1,6.2,6.2,6.2,5.7,5.2,5.0
" ","Struer",6.3,7.5,7.8,7.4,6.9,6.9,6.8,6.1
" ","Viborg",4.0,5.2,5.4,5.7,6.2,6.1,6.0,5.4
" ","Brønderslev",4.8,6.1,6.7,6.2,6.6,5.6,5.8,4.8
" ","Frederikshavn",5.1,6.3,7.4,7.2,7.1,6.8,6.0,5.8
" ","Hjørring",5.6,7.0,7.2,7.1,6.7,6.7,6.4,5.6
" ","Jammerbugt",4.4,5.7,7.0,7.1,6.9,5.9,5.8,4.9
" ","Læsø",11.9,11.8,10.6,5.3,7.7,7.9,7.8,5.4
" ","Mariagerfjord",4.7,5.7,6.9,7.0,7.5,7.3,6.5,6.1
" ","Morsø",5.8,7.5,8.1,7.2,6.2,6.1,6.8,5.2
" ","Rebild",3.0,3.5,3.8,3.9,4.6,4.0,3.0,2.6
" ","Thisted",5.1,6.6,7.0,6.9,6.8,6.4,5.9,5.2
" ","Vesthimmerlands",5.8,6.8,6.8,6.8,6.1,6.0,6.4,5.7
" ","Aalborg",4.8,5.4,6.4,6.5,6.8,6.6,6.9,6.4
"40-49 years"
" ","All Denmark",3.1,3.5,4.0,4.0,4.0,3.9,3.9,3.6
" ","Capital municipalities",3.7,3.9,4.4,4.4,4.6,4.4,4.2,4.0
" ","Metropolitan municipalities",3.4,3.7,4.5,4.6,4.7,4.6,4.7,4.3
" ","Provincial municipalities",2.9,3.1,3.5,3.6,3.6,3.6,3.6,3.3
" ","Commuter municipalities",2.3,2.6,3.1,3.1,3.1,3.0,2.9,2.7
" ","Rural municipalities",3.4,3.9,4.3,4.2,4.2,4.2,4.0,3.7
" ","Copenhagen",5.2,5.5,6.2,6.0,6.1,5.6,5.3,5.0
" ","Frederiksberg",3.2,3.6,3.6,3.8,3.6,3.4,3.2,2.8
" ","Dragør",1.8,2.4,2.6,2.5,2.8,2.6,2.8,1.8
" ","Tårnby",2.7,3.0,3.5,3.4,3.8,3.4,3.0,3.0
" ","Albertslund",3.7,4.4,4.6,5.2,6.0,5.3,5.2,5.4
" ","Ballerup",3.2,3.2,3.2,3.6,4.0,3.8,3.5,3.4
" ","Brøndby",5.1,5.5,7.0,6.8,7.0,7.3,7.5,6.4
" ","Gentofte",2.1,2.2,2.7,2.7,2.6,2.6,2.6,2.4
" ","Gladsaxe",3.6,3.7,4.2,4.3,4.3,4.3,3.9,3.9
" ","Glostrup",3.1,3.2,4.2,4.6,5.1,4.8,4.4,4.3
" ","Herlev",3.1,2.9,3.2,3.4,3.4,3.3,3.7,3.1
" ","Hvidovre",3.0,3.4,3.5,3.3,3.7,3.5,3.7,3.8
" ","Høje-Taastrup",4.0,4.4,5.1,5.4,5.2,5.5,6.0,5.5
" ","Ishøj",4.8,5.4,6.9,6.8,6.8,6.3,5.7,6.0
" ","Lyngby-Taarbæk",2.2,2.3,2.5,2.4,2.8,2.7,3.0,2.7
" ","Rødovre",3.5,3.3,4.3,4.3,4.5,4.7,5.0,5.0
" ","Vallensbæk",2.4,2.4,2.9,3.2,3.4,3.2,3.1,3.5
" ","Allerød",1.3,1.2,2.0,1.8,1.5,1.4,1.4,1.6
" ","Egedal",1.1,1.8,1.9,1.8,2.0,1.7,1.8,1.8
" ","Fredensborg",2.6,3.1,3.5,3.4,3.7,3.5,3.3,2.6
" ","Frederikssund",2.1,2.5,2.8,3.0,3.1,3.3,3.3,2.9
" ","Furesø",2.2,2.4,2.5,2.9,2.7,2.6,2.6,2.5
" ","Gribskov",3.1,3.6,4.1,3.6,3.3,3.2,3.4,3.4
" ","Halsnæs",3.0,3.0,3.3,3.4,3.8,3.4,3.2,2.9
" ","Helsingør",3.1,3.2,4.2,4.1,3.9,3.9,4.0,3.4
" ","Hillerød",2.3,2.6,3.1,3.4,2.9,3.1,3.2,3.4
" ","Hørsholm",2.0,2.4,2.3,2.3,2.6,2.3,2.8,2.4
" ","Rudersdal",1.9,2.1,2.3,2.4,2.4,2.5,2.4,2.0
" ","Bornholm",2.9,3.2,3.6,3.3,3.5,3.4,3.4,2.7
" ","Greve",2.7,2.9,3.3,3.2,3.6,3.8,3.5,3.8
" ","Køge",2.1,2.4,3.1,2.9,3.0,3.3,3.6,3.3
" ","Lejre",1.8,2.2,2.3,2.2,2.3,2.5,2.6,2.4
" ","Roskilde",2.0,2.0,2.4,2.5,2.5,2.8,2.7,2.4
" ","Solrød",2.1,2.0,2.3,2.2,2.3,2.3,1.8,2.2
" ","Faxe",3.1,3.3,3.7,4.1,4.1,4.0,3.9,4.0
" ","Guldborgsund",4.5,4.6,5.7,5.7,5.6,5.4,5.7,5.3
" ","Holbæk",2.5,2.9,3.4,3.5,3.4,3.3,3.6,3.5
" ","Kalundborg",3.5,3.8,4.4,4.2,4.2,4.1,3.8,4.1
" ","Lolland",4.6,6.0,6.9,7.2,7.2,7.1,6.3,5.9
" ","Næstved",3.2,3.6,4.1,4.0,3.6,3.7,3.7,3.8
" ","Odsherred",3.8,4.5,5.4,5.0,4.9,5.2,4.9,4.2
" ","Ringsted",2.9,3.2,3.8,3.7,3.8,3.7,3.2,3.1
" ","Slagelse",3.8,4.1,5.0,5.3,5.4,5.8,5.6,5.2
" ","Sorø",2.3,2.7,3.1,3.8,3.3,3.1,2.7,3.2
" ","Stevns",2.9,2.7,3.9,4.2,3.2,3.0,2.9,2.6
" ","Vordingborg",3.5,4.4,5.4,4.9,5.1,4.5,4.1,4.3
" ","Assens",2.4,3.1,3.5,3.7,4.0,3.7,3.6,3.5
" ","Faaborg-Midtfyn",2.3,2.7,3.3,3.2,3.3,3.4,3.4,3.3
" ","Kerteminde",2.1,2.4,3.7,3.6,3.9,3.4,3.2,2.9
" ","Langeland",4.4,5.6,7.1,5.5,5.3,5.3,6.3,5.8
" ","Middelfart",1.9,2.3,2.7,2.4,2.5,2.4,2.5,2.8
" ","Nordfyns",2.9,2.9,3.4,3.4,3.9,3.6,3.7,3.1
" ","Nyborg",2.7,3.4,3.8,3.7,3.8,4.1,3.3,2.9
" ","Odense",4.2,4.7,5.8,5.5,5.7,5.6,5.5,5.0
" ","Svendborg",2.9,3.5,4.0,4.2,4.3,4.5,4.1,3.7
" ","Ærø",4.0,3.8,5.5,6.1,6.1,6.0,6.3,5.9
" ","Billund",2.4,3.1,3.2,3.4,2.8,2.9,2.8,2.2
" ","Esbjerg",3.5,3.9,4.4,4.2,4.3,4.2,3.9,3.5
" ","Fanø",3.0,4.8,5.7,4.6,2.3,3.5,3.0,2.2
" ","Fredericia",3.0,3.9,4.4,4.6,4.7,4.8,4.6,4.3
" ","Haderslev",3.6,3.9,4.5,3.9,4.4,4.4,4.5,4.5
" ","Kolding",3.0,3.3,3.5,3.4,3.5,3.5,3.5,3.2
" ","Sønderborg",2.7,3.4,3.6,3.6,4.0,3.7,3.9,3.6
" ","Tønder",4.2,5.0,4.6,4.9,5.2,5.5,5.3,4.4
" ","Varde",2.8,3.4,3.2,3.2,3.7,3.3,3.9,2.9
" ","Vejen",2.9,3.6,3.9,3.6,3.4,3.0,2.7,2.2
" ","Vejle",2.7,2.9,3.3,3.5,3.3,3.3,3.3,2.9
" ","Aabenraa",4.1,4.5,5.1,4.6,4.9,4.7,4.2,3.6
" ","Favrskov",1.5,1.6,2.0,2.0,1.6,1.7,1.8,1.5
" ","Hedensted",1.7,1.8,2.2,2.4,2.2,2.1,2.2,2.0
" ","Horsens",2.9,3.1,3.6,3.4,3.5,3.2,3.0,2.8
" ","Norddjurs",3.3,3.7,4.3,4.2,4.2,4.5,3.8,3.9
" ","Odder",1.9,1.7,2.9,2.3,2.8,2.5,2.5,2.4
" ","Randers",3.6,3.6,4.1,4.2,4.2,4.2,4.4,4.3
" ","Samsø",3.6,5.5,5.3,7.3,6.0,5.6,7.4,5.5
" ","Silkeborg",2.2,2.5,2.4,2.7,3.0,2.9,2.9,2.5
" ","Skanderborg",1.2,1.7,1.8,1.8,1.8,1.6,1.6,1.6
" ","Syddjurs",2.3,2.8,3.1,3.0,3.2,2.8,2.9,2.8
" ","Aarhus",3.2,3.6,4.2,4.4,4.5,4.5,4.5,4.1
" ","Herning",3.1,3.0,3.3,3.4,3.1,3.0,3.1,2.7
" ","Holstebro",2.3,2.7,3.1,3.2,3.4,3.7,3.5,3.0
" ","Ikast-Brande",2.2,2.4,2.8,3.3,3.0,3.3,3.5,3.0
" ","Lemvig",3.0,3.5,3.2,3.7,3.7,3.3,3.1,2.1
" ","Ringkøbing-Skjern",3.0,2.9,2.9,3.3,3.0,3.0,2.9,2.9
" ","Skive",2.6,3.1,3.7,3.5,3.2,3.0,2.6,3.1
" ","Struer",3.5,4.3,4.6,4.3,4.1,4.7,4.7,4.1
" ","Viborg",2.6,3.0,3.0,3.1,3.2,3.0,2.8,2.3
" ","Brønderslev",3.5,3.9,3.7,4.0,3.8,3.5,3.4,3.2
" ","Frederikshavn",2.9,4.1,4.8,4.9,4.3,4.5,4.2,3.7
" ","Hjørring",3.5,3.9,4.0,4.0,3.7,3.7,3.5,3.3
" ","Jammerbugt",2.7,2.8,3.6,3.4,3.2,3.0,3.1,2.6
" ","Læsø",3.6,2.8,2.8,1.9,4.1,3.8,1.2,6.0
" ","Mariagerfjord",3.5,3.2,3.9,3.8,3.7,3.9,3.9,3.5
" ","Morsø",3.5,4.1,4.1,3.8,4.1,3.9,3.9,3.0
" ","Rebild",1.6,2.1,2.3,2.3,2.1,2.1,2.0,1.9
" ","Thisted",3.0,3.3,3.5,3.7,3.6,4.2,3.6,3.6
" ","Vesthimmerlands",3.8,3.8,4.3,4.3,4.0,4.1,3.3,3.0
" ","Aalborg",2.9,2.9,3.6,3.9,4.0,4.0,4.1,3.9
"50-59 years"
" ","All Denmark",2.3,2.5,2.7,2.9,2.9,2.9,2.8,2.6
" ","Capital municipalities",2.9,3.2,3.6,3.8,3.8,3.7,3.6,3.4
" ","Metropolitan municipalities",2.4,2.6,3.0,3.4,3.4,3.5,3.6,3.4
" ","Provincial municipalities",2.1,2.3,2.5,2.6,2.6,2.6,2.5,2.3
" ","Commuter municipalities",1.7,1.9,2.0,2.1,2.1,2.0,2.0,1.8
" ","Rural municipalities",2.2,2.4,2.5,2.7,2.6,2.7,2.5,2.4
" ","Copenhagen",4.7,5.1,5.8,6.1,6.0,5.8,5.5,5.1
" ","Frederiksberg",2.9,2.9,3.2,3.3,3.3,3.2,3.0,2.8
" ","Dragør",1.0,2.2,2.3,2.3,2.4,1.8,1.9,1.1
" ","Tårnby",2.3,2.5,2.5,2.7,2.4,2.3,2.7,2.6
" ","Albertslund",2.9,2.9,4.0,4.1,4.3,4.1,4.3,3.9
" ","Ballerup",1.7,2.4,2.7,2.4,2.9,2.7,2.7,2.3
" ","Brøndby",2.8,3.2,4.2,4.3,4.7,5.1,4.9,5.3
" ","Gentofte",2.0,2.1,2.2,2.2,2.3,2.2,1.9,1.7
" ","Gladsaxe",2.2,2.4,2.6,2.9,3.0,2.9,2.8,2.8
" ","Glostrup",1.9,2.9,3.7,3.9,3.7,3.8,3.6,3.4
" ","Herlev",2.4,2.4,2.6,2.7,3.1,2.6,2.6,2.6
" ","Hvidovre",2.0,2.4,2.6,3.1,2.7,2.8,3.1,2.7
" ","Høje-Taastrup",2.7,2.7,3.5,3.7,4.0,4.4,4.7,4.4
" ","Ishøj",3.2,3.0,4.1,4.8,4.9,4.6,4.7,4.0
" ","Lyngby-Taarbæk",1.7,2.0,2.5,2.4,2.3,2.3,2.1,2.0
" ","Rødovre",2.7,3.0,3.4,3.8,4.1,4.0,4.2,4.2
" ","Vallensbæk",1.3,1.6,1.4,2.1,2.0,1.7,2.0,2.4
" ","Allerød",1.0,1.2,1.1,1.1,0.9,0.9,0.9,1.0
" ","Egedal",1.0,1.4,1.6,1.6,1.3,1.5,1.3,1.3
" ","Fredensborg",2.0,2.4,2.5,2.3,2.4,2.2,2.1,1.9
" ","Frederikssund",1.6,1.9,2.0,1.8,2.2,2.0,2.2,2.1
" ","Furesø",1.6,1.5,1.7,2.2,1.9,1.8,1.9,1.8
" ","Gribskov",2.2,2.3,2.5,2.6,2.6,2.3,2.4,1.9
" ","Halsnæs",2.5,2.2,2.6,2.4,2.1,2.2,2.3,1.8
" ","Helsingør",2.7,3.1,3.2,3.4,3.1,2.8,2.5,2.4
" ","Hillerød",1.6,1.6,2.0,2.3,2.2,2.2,2.0,1.8
" ","Hørsholm",1.6,1.7,2.0,2.1,1.8,1.7,1.8,1.6
" ","Rudersdal",1.5,1.8,1.8,1.7,1.8,1.7,1.8,1.4
" ","Bornholm",2.1,2.2,2.5,2.7,2.1,2.2,1.8,1.9
" ","Greve",2.5,2.4,2.6,2.6,2.8,2.6,2.8,2.6
" ","Køge",2.1,2.0,2.2,2.5,2.2,2.2,2.0,1.9
" ","Lejre",1.3,1.5,1.3,1.3,1.8,1.7,1.5,1.7
" ","Roskilde",1.5,1.7,1.9,2.0,2.0,1.9,2.0,1.7
" ","Solrød",0.8,0.8,1.1,1.2,1.3,1.6,1.8,1.2
" ","Faxe",2.2,2.6,2.9,2.5,2.3,2.4,2.1,1.8
" ","Guldborgsund",2.8,2.9,3.0,3.2,3.4,3.4,3.3,3.4
" ","Holbæk",2.2,2.4,2.6,2.5,2.6,2.5,2.3,1.7
" ","Kalundborg",2.2,2.4,2.8,2.9,2.9,3.0,2.8,2.4
" ","Lolland",2.8,3.1,3.6,4.4,4.3,4.3,4.0,4.1
" ","Næstved",2.3,2.5,2.8,3.0,2.7,2.7,2.6,2.5
" ","Odsherred",2.3,3.1,3.0,3.1,2.8,2.8,3.0,2.9
" ","Ringsted",2.0,2.2,2.4,2.7,3.0,2.9,2.4,2.3
" ","Slagelse",3.0,3.0,3.3,3.5,3.7,3.9,3.8,3.1
" ","Sorø",2.0,2.1,2.4,2.0,2.1,2.2,1.9,1.7
" ","Stevns",2.0,1.9,2.0,1.9,1.9,1.8,1.6,1.8
" ","Vordingborg",2.4,2.5,3.4,3.3,3.7,3.3,3.2,3.1
" ","Assens",1.9,2.1,2.4,2.3,2.7,2.5,2.5,2.2
" ","Faaborg-Midtfyn",1.7,2.0,2.1,2.1,2.2,2.0,1.9,1.7
" ","Kerteminde",1.7,1.7,2.1,2.2,2.5,2.3,2.2,2.0
" ","Langeland",2.8,3.0,2.7,3.2,3.0,3.9,3.3,3.6
" ","Middelfart",1.5,1.8,2.0,1.9,1.8,1.7,1.7,1.3
" ","Nordfyns",1.7,1.9,2.0,2.1,1.9,2.0,2.2,2.2
" ","Nyborg",2.0,2.0,2.3,2.1,2.4,2.7,2.7,2.7
" ","Odense",3.1,3.2,3.8,4.3,4.3,4.3,4.3,4.2
" ","Svendborg",1.9,2.4,2.7,2.7,2.7,2.9,3.1,2.8
" ","Ærø",2.4,3.0,3.3,3.4,3.2,3.0,4.0,3.4
" ","Billund",1.7,1.7,1.2,1.4,1.6,1.7,1.5,1.5
" ","Esbjerg",2.6,2.8,3.1,3.0,3.0,2.8,2.8,2.4
" ","Fanø",2.1,2.5,1.2,2.5,2.3,3.2,2.1,2.3
" ","Fredericia",2.6,2.9,3.1,3.3,3.6,3.5,3.2,3.0
" ","Haderslev",2.4,2.7,3.0,2.8,2.5,2.6,2.9,2.6
" ","Kolding",2.5,2.8,2.9,2.7,2.7,2.8,2.4,2.4
" ","Sønderborg",1.9,2.2,2.4,2.3,2.5,2.4,2.5,2.5
" ","Tønder",2.5,2.8,2.6,2.8,2.9,3.0,2.8,2.7
" ","Varde",2.0,2.1,1.6,1.7,1.7,1.8,1.8,1.8
" ","Vejen",2.0,2.6,2.4,2.3,2.3,2.1,1.9,1.7
" ","Vejle",1.9,2.1,2.3,2.4,2.3,2.4,2.3,2.2
" ","Aabenraa",2.8,3.1,2.8,2.8,3.2,3.2,2.7,2.3
" ","Favrskov",1.1,1.1,1.0,1.2,1.0,1.3,1.4,1.2
" ","Hedensted",1.5,1.4,1.4,1.7,1.6,1.5,1.3,1.3
" ","Horsens",1.9,2.1,2.4,2.5,2.4,2.4,2.5,2.3
" ","Norddjurs",2.9,2.6,3.1,3.1,3.1,2.6,2.5,1.9
" ","Odder",1.2,1.3,1.4,1.8,1.4,1.5,1.7,1.5
" ","Randers",2.5,2.4,2.9,3.2,3.4,3.3,3.2,3.1
" ","Samsø",1.9,3.0,2.8,2.1,3.1,2.3,3.1,3.8
" ","Silkeborg",1.6,1.7,1.8,1.7,1.9,1.7,1.8,1.4
" ","Skanderborg",0.9,1.0,1.1,1.2,1.1,1.2,1.2,1.2
" ","Syddjurs",1.3,2.0,2.2,2.4,2.0,1.8,2.1,1.8
" ","Aarhus",2.0,2.3,2.6,3.1,3.1,3.2,3.3,3.1
" ","Herning",2.1,2.3,2.2,2.6,2.3,2.3,2.2,2.2
" ","Holstebro",1.5,1.7,1.9,1.8,2.2,2.4,2.5,2.2
" ","Ikast-Brande",1.6,1.5,1.7,2.3,2.3,2.6,2.8,2.6
" ","Lemvig",1.8,2.3,1.8,1.4,1.7,1.8,1.3,1.3
" ","Ringkøbing-Skjern",1.7,1.7,1.6,1.9,1.8,1.9,1.6,1.4
" ","Skive",1.9,1.7,1.9,2.0,2.0,2.2,1.9,1.8
" ","Struer",1.8,2.4,2.7,2.8,2.3,2.6,1.8,1.9
" ","Viborg",1.8,2.0,1.7,1.9,1.8,2.0,1.8,1.8
" ","Brønderslev",2.1,2.1,2.4,2.6,2.5,2.6,1.9,1.8
" ","Frederikshavn",2.1,2.1,2.3,2.6,2.5,2.9,2.7,2.5
" ","Hjørring",2.4,2.4,2.6,3.0,2.6,2.6,2.3,2.1
" ","Jammerbugt",1.7,1.9,2.3,2.2,2.2,2.2,1.9,1.8
" ","Læsø",2.4,2.1,3.6,3.7,2.2,3.6,4.9,3.1
" ","Mariagerfjord",2.2,2.4,2.6,2.9,2.8,2.9,2.6,2.5
" ","Morsø",2.0,2.3,2.2,2.2,2.2,2.2,2.2,2.0
" ","Rebild",1.3,1.4,1.6,1.6,1.6,1.3,1.2,1.1
" ","Thisted",1.8,1.9,2.2,2.1,2.3,2.3,2.4,2.0
" ","Vesthimmerlands",2.5,2.4,2.2,2.3,2.7,2.2,2.0,1.8
" ","Aalborg",2.3,2.3,2.6,2.9,3.1,3.3,3.4,3.2
"60-69 years"
" ","All Denmark",1.1,1.2,1.4,1.5,1.5,1.6,1.7,1.6
" ","Capital municipalities",1.6,1.7,2.0,2.1,2.2,2.3,2.5,2.5
" ","Metropolitan municipalities",1.1,1.2,1.4,1.5,1.6,1.7,1.9,1.9
" ","Provincial municipalities",0.9,1.0,1.2,1.3,1.3,1.4,1.5,1.5
" ","Commuter municipalities",0.8,0.9,1.0,1.1,1.2,1.2,1.2,1.2
" ","Rural municipalities",1.1,1.1,1.2,1.3,1.3,1.4,1.3,1.3
" ","Copenhagen",2.7,2.8,3.3,3.6,3.7,3.7,3.8,3.7
" ","Frederiksberg",1.5,1.5,1.7,1.8,2.0,2.3,2.2,2.2
" ","Dragør",0.6,0.7,0.7,0.9,0.9,0.7,1.1,1.1
" ","Tårnby",1.0,1.3,1.4,1.4,1.9,1.8,1.8,1.6
" ","Albertslund",2.1,2.0,2.5,2.8,3.1,2.8,3.1,3.0
" ","Ballerup",0.9,1.2,1.3,1.6,1.8,1.6,1.7,1.5
" ","Brøndby",2.2,2.5,2.4,2.3,2.7,2.9,3.8,3.9
" ","Gentofte",1.1,1.2,1.3,1.3,1.3,1.4,1.4,1.4
" ","Gladsaxe",1.2,1.6,1.6,1.6,1.5,1.6,2.0,2.3
" ","Glostrup",1.4,1.6,1.2,1.8,1.7,2.6,2.2,2.4
" ","Herlev",1.2,1.4,1.5,1.4,1.3,1.4,1.4,1.7
" ","Hvidovre",1.0,1.2,1.1,1.4,1.7,1.6,2.2,2.0
" ","Høje-Taastrup",1.6,1.8,2.2,2.1,2.6,2.6,2.8,2.6
" ","Ishøj",1.9,2.0,2.5,2.1,2.4,3.1,3.1,3.4
" ","Lyngby-Taarbæk",1.0,1.0,1.3,1.3,1.4,1.4,1.6,1.7
" ","Rødovre",1.1,1.2,1.5,1.9,2.0,2.7,2.7,3.0
" ","Vallensbæk",1.2,1.0,1.2,1.5,1.7,1.3,1.4,1.4
" ","Allerød",0.4,0.4,0.6,0.6,0.5,0.5,0.6,0.7
" ","Egedal",0.4,0.5,0.8,1.0,1.0,0.9,1.1,0.9
" ","Fredensborg",1.0,0.9,1.0,0.9,1.3,1.7,1.9,1.7
" ","Frederikssund",1.0,1.0,1.2,1.1,1.4,1.4,1.4,1.4
" ","Furesø",0.6,0.8,0.9,0.9,0.9,1.4,1.7,1.4
" ","Gribskov",1.0,1.3,1.1,1.3,1.3,1.3,1.4,1.3
" ","Halsnæs",1.3,1.3,1.3,1.8,1.7,1.5,1.4,1.2
" ","Helsingør",1.3,1.3,1.8,1.8,1.8,1.8,1.8,1.6
" ","Hillerød",0.7,0.7,1.0,1.0,1.0,1.3,1.4,1.4
" ","Hørsholm",0.7,0.6,0.5,0.7,0.7,0.9,0.9,1.2
" ","Rudersdal",0.6,0.7,0.8,0.9,1.0,1.1,1.0,1.0
" ","Bornholm",1.0,1.1,0.9,1.0,1.1,1.1,0.9,0.9
" ","Greve",1.3,1.3,1.3,1.6,1.4,1.9,2.2,2.4
" ","Køge",1.0,1.1,1.2,1.3,1.1,1.2,1.4,1.5
" ","Lejre",0.6,0.7,0.8,0.7,0.5,0.8,0.6,1.0
" ","Roskilde",0.8,0.8,1.0,1.1,1.2,1.0,1.2,1.2
" ","Solrød",0.4,0.5,0.7,0.8,0.7,1.1,0.9,0.9
" ","Faxe",1.0,0.9,1.3,1.3,1.3,1.3,1.4,1.4
" ","Guldborgsund",1.4,1.7,1.7,1.8,1.9,1.9,1.9,2.0
" ","Holbæk",0.9,1.0,1.4,1.1,1.2,1.5,1.3,1.3
" ","Kalundborg",0.9,0.9,1.0,1.2,1.4,1.4,1.3,1.4
" ","Lolland",1.4,1.4,1.4,1.9,2.0,2.0,1.9,1.7
" ","Næstved",0.9,1.1,1.3,1.3,1.4,1.5,1.7,1.7
" ","Odsherred",1.3,1.6,1.5,1.4,1.3,1.4,1.5,1.0
" ","Ringsted",1.2,1.2,1.3,1.1,1.4,1.7,1.5,1.5
" ","Slagelse",1.3,1.4,1.6,1.8,1.9,2.1,2.2,2.2
" ","Sorø",0.8,1.2,1.2,0.8,1.1,1.1,1.4,1.4
" ","Stevns",0.9,1.0,1.1,1.0,1.1,1.0,0.9,0.8
" ","Vordingborg",1.2,1.1,1.5,1.4,1.6,1.7,1.6,1.5
" ","Assens",0.9,0.9,1.2,1.3,1.3,1.5,1.4,1.4
" ","Faaborg-Midtfyn",0.8,1.0,1.2,1.3,1.2,1.2,1.1,0.9
" ","Kerteminde",0.8,0.9,0.8,1.2,1.4,1.3,1.4,1.4
" ","Langeland",1.5,1.2,1.5,1.0,1.4,1.8,1.4,1.3
" ","Middelfart",0.5,0.6,0.7,1.0,0.8,0.9,1.1,0.8
" ","Nordfyns",0.8,0.8,1.0,1.2,1.3,1.3,1.0,1.4
" ","Nyborg",0.5,0.6,0.9,1.1,1.4,1.3,1.3,1.1
" ","Odense",1.3,1.4,1.8,1.9,2.0,2.3,2.4,2.3
" ","Svendborg",1.1,1.3,1.2,1.2,1.2,1.4,1.3,1.2
" ","Ærø",1.3,1.1,0.8,1.7,1.2,1.4,1.6,1.6
" ","Billund",0.6,0.8,0.8,0.8,1.1,1.0,1.1,1.1
" ","Esbjerg",1.0,1.1,1.3,1.4,1.3,1.4,1.6,1.5
" ","Fanø",0.6,0.7,0.9,1.1,1.8,1.7,1.5,1.2
" ","Fredericia",1.3,1.6,2.0,2.3,2.2,2.3,2.2,2.0
" ","Haderslev",1.3,1.3,1.4,1.4,1.4,1.6,1.5,1.6
" ","Kolding",1.2,1.2,1.3,1.6,1.5,1.8,1.8,1.7
" ","Sønderborg",1.1,1.0,1.4,1.4,1.2,1.3,1.5,1.3
" ","Tønder",1.2,1.2,1.1,1.5,1.5,1.4,1.4,1.6
" ","Varde",1.0,0.8,0.7,1.1,1.1,1.2,1.3,0.9
" ","Vejen",1.0,1.1,1.1,1.2,1.1,1.3,1.1,1.1
" ","Vejle",0.9,0.9,1.1,1.3,1.3,1.4,1.6,1.6
" ","Aabenraa",1.5,1.7,1.8,1.6,1.8,1.9,1.5,1.6
" ","Favrskov",0.3,0.5,0.6,0.7,1.0,0.9,0.8,0.9
" ","Hedensted",0.6,0.7,0.7,0.9,1.0,0.9,0.8,0.8
" ","Horsens",0.8,0.9,1.0,1.1,1.1,1.3,1.4,1.3
" ","Norddjurs",1.1,1.2,1.3,1.4,1.3,1.4,1.5,1.1
" ","Odder",1.1,0.9,1.0,0.7,0.8,1.0,1.2,1.2
" ","Randers",0.9,1.0,1.3,1.3,1.4,1.5,1.6,1.6
" ","Samsø",1.0,0.8,1.7,1.4,1.9,1.1,2.1,1.2
" ","Silkeborg",0.6,0.7,0.8,1.0,1.0,0.9,1.0,0.9
" ","Skanderborg",0.6,0.5,0.6,0.8,0.8,0.8,0.9,1.0
" ","Syddjurs",0.8,1.1,1.1,1.2,1.3,1.1,1.1,1.0
" ","Aarhus",1.1,1.2,1.3,1.3,1.4,1.6,1.7,1.7
" ","Herning",0.9,1.0,1.2,1.2,1.3,1.5,1.4,1.4
" ","Holstebro",0.8,0.8,0.8,0.9,1.0,1.0,1.1,1.2
" ","Ikast-Brande",0.8,0.8,0.7,1.0,1.0,1.2,0.9,1.1
" ","Lemvig",1.0,0.9,1.0,1.1,0.9,0.9,0.9,0.8
" ","Ringkøbing-Skjern",0.8,0.8,0.7,0.7,0.7,0.7,0.7,0.8
" ","Skive",1.0,0.9,0.9,0.9,1.0,1.1,1.3,1.1
" ","Struer",0.6,0.5,0.8,0.9,1.1,1.0,1.2,1.3
" ","Viborg",0.8,1.0,0.8,0.9,1.0,1.0,0.9,0.9
" ","Brønderslev",0.9,0.7,0.9,1.4,1.2,1.1,1.1,1.5
" ","Frederikshavn",0.8,0.7,1.0,1.1,1.2,1.5,1.4,1.4
" ","Hjørring",1.1,1.3,1.3,1.3,1.3,1.4,1.2,1.1
" ","Jammerbugt",0.8,1.1,1.0,1.3,1.0,0.9,1.0,0.9
" ","Læsø",1.0,0.8,1.1,1.6,1.1,2.1,1.9,1.5
" ","Mariagerfjord",0.8,1.1,1.1,1.2,1.6,1.3,1.2,1.4
" ","Morsø",1.1,0.9,0.8,0.8,1.1,0.9,0.7,1.0
" ","Rebild",0.7,0.5,0.6,0.9,0.9,0.9,0.9,0.6
" ","Thisted",1.3,1.1,1.1,1.2,1.2,1.2,1.4,1.2
" ","Vesthimmerlands",1.1,1.2,1.3,1.3,1.1,1.3,1.2,0.8
" ","Aalborg",0.9,1.1,1.2,1.5,1.5,1.5,1.8,1.7
"70-70 years"
" ","All Denmark",0.7,0.7,0.7,0.6,0.6,0.7,0.8,0.7
" ","Capital municipalities",1.1,1.1,1.1,0.9,0.8,1.0,1.1,0.9
" ","Metropolitan municipalities",0.8,0.7,0.7,0.6,0.7,0.7,0.8,0.6
" ","Provincial municipalities",0.6,0.5,0.6,0.5,0.5,0.6,0.7,0.6
" ","Commuter municipalities",0.6,0.5,0.5,0.5,0.5,0.5,0.6,0.5
" ","Rural municipalities",0.6,0.6,0.6,0.6,0.5,0.6,0.7,0.6
" ","Copenhagen",1.8,1.8,1.8,1.3,1.3,1.5,1.6,1.2
" ","Frederiksberg",0.9,1.0,1.1,0.8,0.6,0.8,0.9,0.8
" ","Dragør",0.2,0.4,0.3,0.1,0.0,0.1,0.2,0.3
" ","Tårnby",0.7,0.8,0.8,0.9,0.9,0.8,0.8,0.7
" ","Albertslund",2.4,2.6,2.6,1.8,1.9,1.8,2.3,1.8
" ","Ballerup",0.8,0.7,0.9,0.8,0.9,1.1,1.1,0.9
" ","Brøndby",1.5,1.7,1.9,2.2,2.2,2.6,2.7,2.0
" ","Gentofte",0.4,0.5,0.7,0.6,0.4,0.5,0.5,0.5
" ","Gladsaxe",0.9,0.7,0.8,0.6,0.5,0.6,0.9,0.8
" ","Glostrup",0.8,0.8,0.8,0.6,0.9,0.8,1.1,0.7
" ","Herlev",0.9,0.9,0.5,0.7,0.8,1.1,1.2,0.7
" ","Hvidovre",1.3,1.2,1.3,0.8,0.8,0.9,1.1,0.8
" ","Høje-Taastrup",1.7,1.7,1.6,1.2,1.1,1.5,1.7,1.7
" ","Ishøj",2.1,2.2,1.8,1.2,1.4,1.1,1.5,1.3
" ","Lyngby-Taarbæk",0.5,0.5,0.5,0.3,0.3,0.4,0.5,0.3
" ","Rødovre",0.9,0.9,1.0,0.9,1.0,1.0,1.3,1.3
" ","Vallensbæk",1.0,0.5,0.6,0.9,0.9,0.9,0.8,0.9
" ","Allerød",0.3,0.2,0.2,0.3,0.5,0.5,0.7,0.6
" ","Egedal",0.4,0.3,0.5,0.4,0.3,0.4,0.5,0.3
" ","Fredensborg",0.8,0.7,0.6,0.5,0.4,0.6,0.7,0.5
" ","Frederikssund",0.4,0.5,0.5,0.6,0.6,0.5,0.6,0.6
" ","Furesø",0.6,0.8,0.6,0.5,0.5,0.4,0.6,0.5
" ","Gribskov",0.6,0.6,0.5,0.4,0.4,0.5,0.6,0.6
" ","Halsnæs",0.7,0.8,0.7,0.7,0.6,0.6,0.7,0.4
" ","Helsingør",0.8,0.8,1.0,0.8,0.7,0.7,0.9,0.7
" ","Hillerød",0.3,0.6,0.6,0.5,0.4,0.5,0.6,0.4
" ","Hørsholm",0.4,0.5,0.3,0.4,0.3,0.3,0.5,0.5
" ","Rudersdal",0.3,0.3,0.4,0.4,0.3,0.5,0.3,0.4
" ","Bornholm",0.3,0.5,0.7,0.5,0.4,0.6,0.6,0.5
" ","Greve",0.8,0.6,0.6,0.5,0.6,0.8,0.9,1.0
" ","Køge",0.5,0.4,0.5,0.5,0.5,0.3,0.7,0.5
" ","Lejre",0.4,0.4,0.4,0.3,0.4,0.4,0.4,0.4
" ","Roskilde",0.7,0.5,0.5,0.5,0.5,0.6,0.7,0.5
" ","Solrød",0.2,0.4,0.5,0.4,0.2,0.3,0.3,0.0
" ","Faxe",0.6,0.4,0.4,0.6,0.4,0.3,0.6,0.5
" ","Guldborgsund",0.7,0.6,0.6,0.7,0.6,0.9,0.9,0.7
" ","Holbæk",0.5,0.5,0.6,0.6,0.6,0.7,0.8,0.7
" ","Kalundborg",0.6,0.6,0.5,0.4,0.4,0.5,0.6,0.4
" ","Lolland",0.9,0.9,0.9,0.9,0.8,0.9,1.3,0.9
" ","Næstved",0.8,0.6,0.6,0.6,0.6,0.5,0.8,0.5
" ","Odsherred",0.6,0.8,0.6,0.4,0.4,0.5,0.7,0.4
" ","Ringsted",0.9,0.7,0.9,0.9,0.8,0.7,0.8,0.8
" ","Slagelse",0.7,0.6,0.7,0.5,0.6,0.7,0.8,0.8
" ","Sorø",0.2,0.2,0.3,0.5,0.5,0.7,0.6,0.5
" ","Stevns",0.6,0.4,0.3,0.3,0.2,0.4,0.3,0.3
" ","Vordingborg",0.5,0.4,0.5,0.5,0.5,0.7,0.6,0.7
" ","Assens",0.5,0.4,0.4,0.5,0.4,0.6,0.6,0.6
" ","Faaborg-Midtfyn",0.6,0.5,0.4,0.5,0.5,0.5,0.6,0.5
" ","Kerteminde",0.7,0.7,0.4,0.5,0.5,0.7,0.9,0.6
" ","Langeland",0.8,0.5,0.7,0.8,0.7,0.7,1.2,0.9
" ","Middelfart",0.4,0.3,0.3,0.3,0.5,0.7,0.6,0.5
" ","Nordfyns",0.5,0.4,0.7,0.6,0.5,0.6,0.8,0.5
" ","Nyborg",0.6,0.4,0.4,0.6,0.4,0.8,0.7,0.6
" ","Odense",0.8,0.7,0.7,0.7,0.8,0.9,1.0,0.9
" ","Svendborg",0.8,0.7,0.8,0.7,0.7,0.7,0.8,0.8
" ","Ærø",0.8,1.2,1.4,1.1,0.7,1.1,1.1,0.8
" ","Billund",0.4,0.4,0.2,0.3,0.3,0.3,0.3,0.4
" ","Esbjerg",0.6,0.6,0.8,0.5,0.7,0.7,1.0,0.5
" ","Fanø",0.7,0.4,0.4,0.0,0.0,0.6,0.6,0.3
" ","Fredericia",0.7,0.6,0.6,0.6,0.7,0.6,0.9,0.6
" ","Haderslev",0.6,0.5,0.6,0.6,0.7,0.8,0.9,0.9
" ","Kolding",0.6,0.5,0.6,0.5,0.5,0.6,0.9,0.5
" ","Sønderborg",0.7,0.7,0.7,0.7,0.6,0.7,0.9,0.8
" ","Tønder",0.6,0.7,0.7,0.8,0.5,0.5,0.8,0.5
" ","Varde",0.5,0.3,0.5,0.5,0.3,0.4,0.7,0.4
" ","Vejen",0.6,0.5,0.4,0.3,0.4,0.5,0.5,0.3
" ","Vejle",0.5,0.5,0.6,0.5,0.5,0.5,0.7,0.7
" ","Aabenraa",0.8,0.8,0.7,0.8,1.0,1.1,1.1,1.0
" ","Favrskov",0.6,0.4,0.4,0.2,0.3,0.4,0.5,0.4
" ","Hedensted",0.4,0.3,0.3,0.5,0.5,0.6,0.8,0.5
" ","Horsens",0.5,0.5,0.6,0.6,0.6,0.5,0.7,0.5
" ","Norddjurs",0.7,0.5,0.7,0.8,0.7,0.9,0.9,0.7
" ","Odder",0.9,0.7,0.6,1.0,0.8,0.8,0.6,0.5
" ","Randers",0.6,0.5,0.5,0.5,0.6,0.7,0.7,0.6
" ","Samsø",0.6,0.4,0.4,0.7,0.8,0.7,1.0,0.6
" ","Silkeborg",0.4,0.4,0.5,0.4,0.4,0.4,0.6,0.5
" ","Skanderborg",0.4,0.6,0.4,0.5,0.5,0.4,0.3,0.5
" ","Syddjurs",0.7,0.6,0.5,0.5,0.4,0.4,0.6,0.6
" ","Aarhus",1.0,0.9,0.9,0.6,0.6,0.6,0.8,0.6
" ","Herning",0.6,0.4,0.5,0.6,0.5,0.5,0.7,0.5
" ","Holstebro",0.4,0.6,0.5,0.5,0.5,0.6,0.5,0.6
" ","Ikast-Brande",0.6,0.6,0.6,0.7,0.6,0.4,0.5,0.3
" ","Lemvig",0.4,0.4,0.6,0.5,0.5,0.5,0.3,0.4
" ","Ringkøbing-Skjern",0.3,0.3,0.3,0.3,0.3,0.3,0.5,0.3
" ","Skive",0.3,0.4,0.4,0.3,0.3,0.5,0.4,0.4
" ","Struer",0.5,0.5,0.3,0.5,0.2,0.3,0.4,0.4
" ","Viborg",0.5,0.4,0.3,0.3,0.5,0.4,0.6,0.4
" ","Brønderslev",0.5,0.4,0.5,0.7,0.5,0.4,0.7,0.6
" ","Frederikshavn",0.5,0.5,0.6,0.5,0.5,0.5,0.5,0.5
" ","Hjørring",0.7,0.6,0.6,0.7,0.5,0.7,0.7,0.7
" ","Jammerbugt",0.6,0.7,0.6,0.5,0.5,0.8,0.7,0.4
" ","Læsø",0.7,0.7,0.9,0.9,0.8,0.3,1.9,1.6
" ","Mariagerfjord",0.9,0.5,0.4,0.5,0.3,0.6,0.5,0.4
" ","Morsø",0.2,0.2,0.5,0.5,0.6,0.7,1.0,0.4
" ","Rebild",0.6,0.6,0.7,0.5,0.5,0.5,0.7,0.4
" ","Thisted",0.7,0.5,0.8,0.6,0.6,0.8,0.7,0.7
" ","Vesthimmerlands",0.5,0.5,0.3,0.7,0.6,0.5,0.8,0.5
" ","Aalborg",0.5,0.5,0.5,0.6,0.6,0.6,0.6,0.5
"80 years and over"
" ","All Denmark",0.7,0.7,0.7,0.7,0.7,0.8,1.0,0.8
" ","Capital municipalities",1.0,0.9,1.0,0.9,0.9,1.0,1.3,1.0
" ","Metropolitan municipalities",0.9,0.8,0.9,0.7,0.9,0.8,1.2,0.9
" ","Provincial municipalities",0.6,0.6,0.7,0.6,0.7,0.7,0.9,0.7
" ","Commuter municipalities",0.7,0.6,0.6,0.6,0.6,0.7,0.9,0.7
" ","Rural municipalities",0.5,0.5,0.5,0.6,0.6,0.8,0.9,0.7
" ","Copenhagen",1.6,1.5,1.7,1.4,1.4,1.6,2.1,1.4
" ","Frederiksberg",0.6,0.6,0.7,0.5,0.6,0.8,0.8,0.6
" ","Dragør",0.3,0.4,0.4,0.2,0.0,0.2,0.7,0.1
" ","Tårnby",0.8,1.1,1.0,1.2,1.0,1.1,1.5,1.2
" ","Albertslund",2.3,1.9,2.3,1.9,2.3,2.1,2.2,1.6
" ","Ballerup",0.9,0.4,0.5,0.6,0.5,0.7,0.9,0.7
" ","Brøndby",1.6,2.0,1.8,1.6,1.8,2.2,3.1,3.0
" ","Gentofte",0.5,0.5,0.4,0.5,0.5,0.6,0.7,0.6
" ","Gladsaxe",0.6,0.7,0.6,0.6,0.7,0.7,1.0,0.6
" ","Glostrup",0.4,0.7,1.2,1.2,1.1,1.2,1.3,0.7
" ","Herlev",0.8,0.8,0.8,1.0,0.7,0.9,2.0,1.3
" ","Hvidovre",1.0,1.0,0.9,0.6,0.7,0.7,1.3,1.1
" ","Høje-Taastrup",1.7,1.9,1.9,1.8,1.5,1.3,1.7,1.3
" ","Ishøj",3.9,3.0,3.0,2.4,2.6,2.0,2.3,1.8
" ","Lyngby-Taarbæk",0.4,0.4,0.2,0.3,0.4,0.4,0.6,0.5
" ","Rødovre",0.9,0.6,0.8,1.0,1.0,1.5,1.5,1.0
" ","Vallensbæk",0.6,0.8,1.4,1.2,0.9,0.9,1.1,1.4
" ","Allerød",0.5,0.5,0.5,0.5,0.5,0.4,0.5,0.3
" ","Egedal",0.5,0.4,0.4,0.5,0.5,1.0,0.9,0.9
" ","Fredensborg",1.2,0.9,0.8,0.7,0.4,0.6,0.9,0.7
" ","Frederikssund",0.5,0.5,0.7,0.6,0.9,0.8,0.9,0.9
" ","Furesø",0.9,0.5,0.8,0.6,1.0,0.7,0.9,0.9
" ","Gribskov",0.7,0.5,0.7,0.5,0.4,0.5,0.7,0.6
" ","Halsnæs",1.2,1.2,0.8,0.6,1.0,1.1,1.0,0.8
" ","Helsingør",1.0,0.9,0.9,0.6,0.6,0.7,1.1,0.9
" ","Hillerød",0.5,0.3,0.2,0.1,0.3,0.5,0.7,0.4
" ","Hørsholm",0.6,0.6,0.6,0.5,0.2,0.2,0.7,0.4
" ","Rudersdal",0.5,0.5,0.4,0.6,0.6,0.6,0.7,0.6
" ","Bornholm",0.7,0.3,0.5,0.7,0.7,1.0,1.4,0.9
" ","Greve",0.8,1.1,1.1,1.0,1.2,1.1,1.2,1.1
" ","Køge",0.7,0.7,1.0,0.7,1.0,0.9,1.2,0.7
" ","Lejre",0.5,0.6,0.5,0.5,0.5,0.6,0.6,0.5
" ","Roskilde",0.6,0.6,0.7,0.6,0.7,0.5,0.9,0.6
" ","Solrød",0.3,0.3,0.3,0.4,0.4,0.6,0.7,0.5
" ","Faxe",0.6,0.4,0.9,0.4,0.5,1.1,1.1,1.0
" ","Guldborgsund",0.7,0.6,0.8,0.9,0.8,1.0,1.4,0.9
" ","Holbæk",0.7,0.6,0.7,0.6,0.7,0.7,1.0,0.6
" ","Kalundborg",0.7,0.5,0.6,0.8,0.6,0.6,0.7,0.5
" ","Lolland",1.0,0.8,0.7,0.8,0.8,1.2,1.6,1.3
" ","Næstved",0.7,0.8,0.9,0.8,0.8,0.7,0.9,0.8
" ","Odsherred",0.5,0.4,0.5,0.6,0.5,0.7,0.8,0.6
" ","Ringsted",0.9,0.6,0.8,0.8,1.0,1.0,1.3,1.3
" ","Slagelse",0.5,0.5,0.6,0.6,0.9,0.8,1.1,0.7
" ","Sorø",0.5,0.5,0.4,0.3,0.2,0.5,0.6,0.5
" ","Stevns",0.5,0.3,0.4,0.8,0.3,0.6,0.8,0.6
" ","Vordingborg",0.5,0.6,0.6,0.5,0.4,0.8,0.7,0.7
" ","Assens",0.8,0.5,0.7,0.8,0.5,1.2,1.0,0.6
" ","Faaborg-Midtfyn",0.5,0.8,0.6,0.6,0.6,0.7,1.0,0.8
" ","Kerteminde",0.6,0.4,0.8,0.8,0.4,0.8,0.7,0.9
" ","Langeland",1.0,0.5,0.5,0.5,1.6,1.5,1.1,0.9
" ","Middelfart",0.4,0.4,0.4,0.4,0.3,0.5,0.8,0.8
" ","Nordfyns",0.7,0.6,0.5,0.4,0.5,0.6,1.0,0.6
" ","Nyborg",0.5,0.5,0.7,0.5,0.5,0.8,1.1,0.9
" ","Odense",0.9,0.8,1.0,0.9,1.1,1.1,1.5,1.2
" ","Svendborg",0.7,0.9,0.9,0.9,1.0,1.3,1.3,1.0
" ","Ærø",1.1,1.1,0.4,0.4,0.7,0.5,0.5,0.8
" ","Billund",0.6,0.5,0.4,0.4,0.5,0.5,0.8,0.3
" ","Esbjerg",0.7,0.6,0.8,0.8,0.8,1.2,1.3,0.9
" ","Fanø",0.0,0.5,0.5,0.5,0.9,0.4,0.4,0.4
" ","Fredericia",0.4,0.6,0.7,0.6,0.8,0.9,1.1,0.8
" ","Haderslev",0.6,0.6,0.4,0.5,0.5,0.5,1.0,0.5
" ","Kolding",0.5,0.6,0.7,0.8,0.6,0.7,1.0,0.6
" ","Sønderborg",0.5,0.7,0.6,0.7,0.7,0.9,1.2,0.7
" ","Tønder",0.6,0.8,0.7,0.8,0.8,1.1,1.0,0.7
" ","Varde",0.5,0.4,0.4,0.3,0.2,0.4,0.6,0.4
" ","Vejen",0.9,0.7,0.7,0.8,0.9,0.7,1.0,0.8
" ","Vejle",0.7,0.5,0.7,0.5,0.5,0.5,0.5,0.5
" ","Aabenraa",0.6,0.5,0.7,0.7,0.9,0.9,1.1,0.9
" ","Favrskov",0.5,0.4,0.7,0.5,0.6,0.6,0.9,0.5
" ","Hedensted",0.5,0.4,0.4,0.5,0.5,0.5,0.9,0.4
" ","Horsens",0.9,0.8,0.7,0.7,0.7,0.8,1.0,0.9
" ","Norddjurs",0.4,0.4,0.2,0.3,0.5,0.6,1.0,0.7
" ","Odder",0.6,0.5,0.9,0.9,0.9,0.8,1.2,0.6
" ","Randers",0.7,0.7,0.6,0.8,0.6,0.8,1.0,0.7
" ","Samsø",0.3,0.3,0.0,1.0,0.6,0.6,0.9,1.2
" ","Silkeborg",0.5,0.7,0.5,0.5,0.6,0.4,0.7,0.4
" ","Skanderborg",0.9,0.8,0.6,0.4,0.8,0.9,0.9,0.8
" ","Syddjurs",0.4,0.4,0.5,0.5,0.6,0.6,0.6,0.7
" ","Aarhus",1.1,1.1,1.0,0.7,0.9,0.8,1.3,0.8
" ","Herning",0.4,0.6,0.6,0.8,0.6,0.8,1.1,0.7
" ","Holstebro",0.6,0.6,0.6,0.5,0.4,0.7,0.7,0.5
" ","Ikast-Brande",1.0,0.7,0.7,0.6,0.7,1.0,0.8,0.7
" ","Lemvig",0.6,0.3,0.5,0.2,0.3,0.5,0.5,0.8
" ","Ringkøbing-Skjern",0.5,0.6,0.6,0.4,0.4,0.4,0.6,0.3
" ","Skive",0.4,0.3,0.5,0.4,0.3,0.4,0.7,0.6
" ","Struer",0.5,0.7,0.5,0.2,1.2,0.5,0.6,0.4
" ","Viborg",0.5,0.6,0.5,0.6,0.6,0.6,0.7,0.5
" ","Brønderslev",0.4,0.4,0.3,0.3,0.8,0.7,0.9,0.8
" ","Frederikshavn",0.3,0.4,0.4,0.4,0.3,0.7,0.6,0.6
" ","Hjørring",0.4,0.4,0.4,0.7,0.5,0.6,0.7,0.5
" ","Jammerbugt",0.3,0.6,0.5,0.5,0.8,0.8,0.9,0.5
" ","Læsø",0.7,0.7,0.6,1.2,0.6,0.0,0.5,0.5
" ","Mariagerfjord",0.4,0.3,0.6,0.7,0.7,0.6,0.8,0.5
" ","Morsø",0.4,0.3,0.4,0.4,0.8,0.2,0.8,0.4
" ","Rebild",0.2,0.4,0.4,0.3,0.2,0.8,0.7,0.6
" ","Thisted",0.4,0.4,0.5,0.5,0.5,0.7,0.9,0.6
" ","Vesthimmerlands",0.3,0.4,0.2,0.5,0.6,1.0,0.7,0.6
" ","Aalborg",0.6,0.5,0.7,0.6,0.6,0.6,0.9,0.6

"The relative poor has equivalised disposable income and net-wealth "
"below 50 percent of the median income. Students living on their own "
"is not considered to be poor. "

